seed_image,judge,type,candidate_chosen,candidate_not_chosen
1,1,Thr,Thr1.25,Thr1
1,1,Thr,Thr1.75,Thr0.5
1,1,Thr,Thr2.25,Thr0.5
1,1,Thr,Thr0.75,Thr0.5
1,1,Thr,Thr1.75,Thr1.25
1,1,Thr,Thr0.5,Thr1
1,1,Thr,Thr1.5,Thr1.25
1,1,Thr,Thr2.25,Thr1.25
1,1,Thr,Thr2.5,Thr0.5
1,1,Thr,Thr1.5,Thr0.5
1,1,Thr,Thr0.75,Thr1.25
1,1,Thr,Thr1.25,Thr0.5
1,1,Thr,Thr2,Thr1.25
1,1,Thr,Thr2,Thr0.5
1,1,Thr,Thr2.5,Thr1.25
1,1,Thr,Thr0.5,Thr1.25
1,1,Thr,Thr1.25,Thr1
1,1,Thr,Thr2.5,Thr1
1,1,Thr,Thr2,Thr1
1,1,Thr,Thr1,Thr0.75
1,1,Thr,Thr1,Thr0.5
1,1,Thr,Thr2.25,Thr1
1,1,Thr,Thr1.5,Thr1
1,1,Thr,Thr1.75,Thr1
1,1,Thr,Thr1.75,Thr1.5
1,1,Thr,Thr1.75,Thr0.5
1,1,Thr,Thr1.75,Thr0.75
1,1,Thr,Thr2,Thr1.75
1,1,Thr,Thr1.25,Thr1.75
1,1,Thr,Thr2.25,Thr1.75
1,1,Thr,Thr2.5,Thr1.75
1,1,Thr,Thr1.75,Thr1
1,1,Thr,Thr1.25,Thr2.5
1,1,Thr,Thr2.5,Thr1.5
1,1,Thr,Thr2.5,Thr0.75
1,1,Thr,Thr2.25,Thr2.5
1,1,Thr,Thr2.5,Thr1.75
1,1,Thr,Thr2.5,Thr2
1,1,Thr,Thr2.5,Thr0.5
1,1,Thr,Thr2.5,Thr1
1,1,Thr,Thr2.25,Thr1.5
1,1,Thr,Thr2.25,Thr0.5
1,1,Thr,Thr2.25,Thr1.25
1,1,Thr,Thr2.25,Thr2
1,1,Thr,Thr2.25,Thr0.75
1,1,Thr,Thr2.5,Thr2.25
1,1,Thr,Thr2.25,Thr1.75
1,1,Thr,Thr2.25,Thr1
1,1,Thr,Thr2.25,Thr2
1,1,Thr,Thr2,Thr1.75
1,1,Thr,Thr2,Thr1.5
1,1,Thr,Thr2,Thr1.25
1,1,Thr,Thr2,Thr1
1,1,Thr,Thr2.5,Thr2
1,1,Thr,Thr2,Thr0.5
1,1,Thr,Thr2,Thr0.75
1,1,Thr,Thr0.5,Thr0.75
1,1,Thr,Thr2.25,Thr0.75
1,1,Thr,Thr0.75,Thr1
1,1,Thr,Thr2,Thr0.75
1,1,Thr,Thr1.75,Thr0.75
1,1,Thr,Thr0.75,Thr1.25
1,1,Thr,Thr2.5,Thr0.75
1,1,Thr,Thr0.75,Thr1.5
1,1,Thr,Thr2.25,Thr1.5
1,1,Thr,Thr2.5,Thr1.5
1,1,Thr,Thr1.75,Thr1.5
1,1,Thr,Thr1.5,Thr1
1,1,Thr,Thr1.5,Thr0.75
1,1,Thr,Thr1.5,Thr0.5
1,1,Thr,Thr1.5,Thr1.25
1,1,Thr,Thr2,Thr1.5
1,9,Thr,Thr0.5,Thr2.25
1,9,Thr,Thr1.75,Thr1.25
1,9,Thr,Thr1,Thr0.5
1,9,Thr,Thr1.5,Thr0.5
1,9,Thr,Thr1.5,Thr1.25
1,9,Thr,Thr1.75,Thr0.5
1,9,Thr,Thr2,Thr1.25
1,9,Thr,Thr1.25,Thr1
1,9,Thr,Thr2,Thr0.5
1,9,Thr,Thr1.25,Thr0.5
1,9,Thr,Thr0.75,Thr0.5
1,9,Thr,Thr2.5,Thr0.5
1,9,Thr,Thr2.5,Thr1.25
1,9,Thr,Thr1.25,Thr0.5
1,9,Thr,Thr1.25,Thr0.75
1,9,Thr,Thr1.25,Thr2.25
1,9,Thr,Thr2.5,Thr1
1,9,Thr,Thr2.5,Thr1.25
1,9,Thr,Thr2.5,Thr2
1,9,Thr,Thr2.5,Thr0.5
1,9,Thr,Thr2.5,Thr1.5
1,9,Thr,Thr2.25,Thr2.5
1,9,Thr,Thr2.5,Thr0.75
1,9,Thr,Thr2.5,Thr1.75
1,9,Thr,Thr1.75,Thr2
1,9,Thr,Thr1.75,Thr2.5
1,9,Thr,Thr1.75,Thr0.75
1,9,Thr,Thr1.75,Thr1
1,9,Thr,Thr1.75,Thr1.25
1,9,Thr,Thr1.75,Thr0.5
1,9,Thr,Thr1.75,Thr2.25
1,9,Thr,Thr1.75,Thr1.5
1,9,Thr,Thr1,Thr0.75
1,9,Thr,Thr2,Thr1
1,9,Thr,Thr2.25,Thr1
1,9,Thr,Thr1.25,Thr1
1,9,Thr,Thr2.5,Thr1
1,9,Thr,Thr1,Thr0.5
1,9,Thr,Thr1.5,Thr1
1,9,Thr,Thr1.75,Thr1
1,9,Thr,Thr2.25,Thr1
1,9,Thr,Thr2.25,Thr1.75
1,9,Thr,Thr2.25,Thr1.5
1,9,Thr,Thr2.25,Thr0.75
1,9,Thr,Thr2,Thr2.25
1,9,Thr,Thr2.25,Thr2.5
1,9,Thr,Thr2.25,Thr1.25
1,9,Thr,Thr2.25,Thr0.5
1,9,Thr,Thr1.5,Thr0.5
1,9,Thr,Thr1.5,Thr0.75
1,9,Thr,Thr1.5,Thr2.5
1,9,Thr,Thr1.5,Thr1.75
1,9,Thr,Thr1.5,Thr1.25
1,9,Thr,Thr1.5,Thr1
1,9,Thr,Thr1.5,Thr2.25
1,9,Thr,Thr1.5,Thr2
1,9,Thr,Thr0.75,Thr1
1,9,Thr,Thr2,Thr0.75
1,9,Thr,Thr2.25,Thr0.75
1,9,Thr,Thr1.25,Thr0.75
1,9,Thr,Thr1.5,Thr0.75
1,9,Thr,Thr0.75,Thr0.5
1,9,Thr,Thr1.75,Thr0.75
1,9,Thr,Thr2.5,Thr0.75
1,9,Thr,Thr1.5,Thr2
1,9,Thr,Thr2,Thr1.25
1,9,Thr,Thr1.75,Thr2
1,9,Thr,Thr2,Thr0.5
1,9,Thr,Thr2.5,Thr2
1,9,Thr,Thr2,Thr2.25
1,9,Thr,Thr2,Thr0.75
1,9,Thr,Thr2,Thr1
1,14,Thr,Thr0.75,Thr2.5
1,14,Thr,Thr1.75,Thr0.75
1,14,Thr,Thr1.25,Thr0.75
1,14,Thr,Thr0.75,Thr0.5
1,14,Thr,Thr1.5,Thr0.75
1,14,Thr,Thr1,Thr0.75
1,14,Thr,Thr0.75,Thr2.25
1,14,Thr,Thr0.75,Thr2
1,14,Thr,Thr1.5,Thr0.75
1,14,Thr,Thr1.5,Thr1
1,14,Thr,Thr1.5,Thr2
1,14,Thr,Thr1.5,Thr0.5
1,14,Thr,Thr1.5,Thr2.25
1,14,Thr,Thr1.5,Thr1.25
1,14,Thr,Thr1.5,Thr2.5
1,14,Thr,Thr1.5,Thr1.75
1,14,Thr,Thr0.75,Thr2.25
1,14,Thr,Thr2,Thr2.25
1,14,Thr,Thr1.5,Thr2.25
1,14,Thr,Thr2.25,Thr2.5
1,14,Thr,Thr1.75,Thr2.25
1,14,Thr,Thr1.25,Thr2.25
1,14,Thr,Thr0.5,Thr2.25
1,14,Thr,Thr1,Thr2.25
1,14,Thr,Thr1.5,Thr1
1,14,Thr,Thr1,Thr2.5
1,14,Thr,Thr1,Thr2.25
1,14,Thr,Thr1,Thr2
1,14,Thr,Thr1,Thr0.5
1,14,Thr,Thr1,Thr0.75
1,14,Thr,Thr1.75,Thr1
1,14,Thr,Thr1.25,Thr1
1,14,Thr,Thr1.25,Thr0.75
1,14,Thr,Thr2.5,Thr0.5
1,14,Thr,Thr1.25,Thr0.5
1,14,Thr,Thr1,Thr0.5
1,14,Thr,Thr1.25,Thr1
1,14,Thr,Thr0.75,Thr0.5
1,14,Thr,Thr1.25,Thr1.5
1,14,Thr,Thr1.25,Thr2.25
1,14,Thr,Thr0.5,Thr2.25
1,14,Thr,Thr1.25,Thr1.75
1,14,Thr,Thr1.5,Thr0.5
1,14,Thr,Thr1.25,Thr0.5
1,14,Thr,Thr1.25,Thr2.5
1,14,Thr,Thr0.5,Thr1.75
1,14,Thr,Thr1.25,Thr2
1,14,Thr,Thr2,Thr0.5
1,14,Thr,Thr1,Thr2
1,14,Thr,Thr1.75,Thr2
1,14,Thr,Thr1.25,Thr2
1,14,Thr,Thr2,Thr2.25
1,14,Thr,Thr2,Thr0.75
1,14,Thr,Thr2,Thr0.5
1,14,Thr,Thr1.5,Thr2
1,14,Thr,Thr2,Thr2.5
1,14,Thr,Thr1.75,Thr1
1,14,Thr,Thr1.75,Thr2.5
1,14,Thr,Thr1.75,Thr2.25
1,14,Thr,Thr0.75,Thr1.75
1,14,Thr,Thr0.5,Thr1.75
1,14,Thr,Thr1.75,Thr2
1,14,Thr,Thr1.5,Thr1.75
1,14,Thr,Thr1.25,Thr1.75
1,14,Thr,Thr1.5,Thr2.5
1,14,Thr,Thr0.5,Thr2.5
1,14,Thr,Thr0.75,Thr2.5
1,14,Thr,Thr1,Thr2.5
1,14,Thr,Thr1.25,Thr2.5
1,14,Thr,Thr1.75,Thr2.5
1,14,Thr,Thr2,Thr2.5
1,14,Thr,Thr2.25,Thr2.5
1,21,Thr,Thr2.25,Thr0.5
1,21,Thr,Thr1.75,Thr1.25
1,21,Thr,Thr0.5,Thr1.25
1,21,Thr,Thr0.5,Thr1
1,21,Thr,Thr1.25,Thr2
1,21,Thr,Thr1,Thr1.25
1,21,Thr,Thr0.75,Thr0.5
1,21,Thr,Thr1.25,Thr2.25
1,21,Thr,Thr1.25,Thr1.5
1,21,Thr,Thr1.25,Thr0.75
1,21,Thr,Thr0.5,Thr1.5
1,21,Thr,Thr1.25,Thr0.5
1,21,Thr,Thr2.5,Thr1.25
1,21,Thr,Thr1.75,Thr0.5
1,21,Thr,Thr2.5,Thr0.5
1,21,Thr,Thr2,Thr0.5
1,21,Thr,Thr1.5,Thr1
1,21,Thr,Thr1.5,Thr2.25
1,21,Thr,Thr1.75,Thr1.5
1,21,Thr,Thr1.5,Thr2
1,21,Thr,Thr1.5,Thr0.75
1,21,Thr,Thr0.5,Thr1.5
1,21,Thr,Thr1.5,Thr1.25
1,21,Thr,Thr1.5,Thr2.5
1,21,Thr,Thr1.5,Thr1.75
1,21,Thr,Thr1.75,Thr0.5
1,21,Thr,Thr1.75,Thr1
1,21,Thr,Thr1.75,Thr2.25
1,21,Thr,Thr1.25,Thr1.75
1,21,Thr,Thr1.75,Thr0.75
1,21,Thr,Thr1.75,Thr2.5
1,21,Thr,Thr1.75,Thr2
1,21,Thr,Thr2.5,Thr1
1,21,Thr,Thr1,Thr1.75
1,21,Thr,Thr1,Thr2
1,21,Thr,Thr0.75,Thr1
1,21,Thr,Thr1.5,Thr1
1,21,Thr,Thr1,Thr1.25
1,21,Thr,Thr2.25,Thr1
1,21,Thr,Thr1,Thr0.5
1,21,Thr,Thr0.75,Thr2.25
1,21,Thr,Thr2.25,Thr1.25
1,21,Thr,Thr0.5,Thr2.25
1,21,Thr,Thr2.25,Thr2
1,21,Thr,Thr2.25,Thr2.5
1,21,Thr,Thr2.25,Thr1.75
1,21,Thr,Thr2.25,Thr1
1,21,Thr,Thr2.25,Thr1.5
1,21,Thr,Thr2.5,Thr1.5
1,21,Thr,Thr2,Thr2.5
1,21,Thr,Thr2.5,Thr1
1,21,Thr,Thr1.25,Thr2.5
1,21,Thr,Thr1.75,Thr2.5
1,21,Thr,Thr0.75,Thr2.5
1,21,Thr,Thr2.25,Thr2.5
1,21,Thr,Thr0.5,Thr2.5
1,21,Thr,Thr0.75,Thr1.75
1,21,Thr,Thr0.75,Thr2.5
1,21,Thr,Thr0.75,Thr1
1,21,Thr,Thr0.75,Thr1.25
1,21,Thr,Thr0.75,Thr0.5
1,21,Thr,Thr0.75,Thr1.5
1,21,Thr,Thr2,Thr0.75
1,21,Thr,Thr2.25,Thr0.75
1,21,Thr,Thr2,Thr0.5
1,21,Thr,Thr2,Thr0.75
1,21,Thr,Thr2,Thr1.25
1,21,Thr,Thr2,Thr2.5
1,21,Thr,Thr2,Thr1
1,21,Thr,Thr2.25,Thr2
1,21,Thr,Thr2,Thr1.75
1,21,Thr,Thr2,Thr1.5
1,22,Thr,Thr1.75,Thr1.5
1,22,Thr,Thr2,Thr1.75
1,22,Thr,Thr1.75,Thr2.25
1,22,Thr,Thr1.75,Thr1.25
1,22,Thr,Thr1.75,Thr1
1,22,Thr,Thr1.75,Thr0.75
1,22,Thr,Thr1.75,Thr0.5
1,22,Thr,Thr1.75,Thr2.5
1,22,Thr,Thr1,Thr0.75
1,22,Thr,Thr1,Thr2.5
1,22,Thr,Thr1.25,Thr1
1,22,Thr,Thr2,Thr1
1,22,Thr,Thr1.5,Thr1
1,22,Thr,Thr1.75,Thr1
1,22,Thr,Thr2.25,Thr1
1,22,Thr,Thr1,Thr0.5
1,22,Thr,Thr2.5,Thr0.5
1,22,Thr,Thr2,Thr0.5
1,22,Thr,Thr2.25,Thr0.5
1,22,Thr,Thr1.25,Thr2.25
1,22,Thr,Thr1.75,Thr1.25
1,22,Thr,Thr1.25,Thr0.5
1,22,Thr,Thr1.25,Thr0.5
1,22,Thr,Thr0.75,Thr0.5
1,22,Thr,Thr1.5,Thr0.5
1,22,Thr,Thr1.75,Thr0.5
1,22,Thr,Thr1.25,Thr1
1,22,Thr,Thr1.25,Thr0.75
1,22,Thr,Thr2,Thr1.25
1,22,Thr,Thr1.5,Thr1.25
1,22,Thr,Thr2.5,Thr1.25
1,22,Thr,Thr1,Thr0.5
1,22,Thr,Thr1.5,Thr2.5
1,22,Thr,Thr1.25,Thr2.5
1,22,Thr,Thr2.25,Thr2.5
1,22,Thr,Thr0.5,Thr2.5
1,22,Thr,Thr2,Thr2.5
1,22,Thr,Thr2.5,Thr1
1,22,Thr,Thr1.75,Thr2.5
1,22,Thr,Thr0.75,Thr2.5
1,22,Thr,Thr1.25,Thr0.75
1,22,Thr,Thr2.5,Thr0.75
1,22,Thr,Thr1,Thr0.75
1,22,Thr,Thr0.75,Thr2
1,22,Thr,Thr0.75,Thr1.5
1,22,Thr,Thr1.75,Thr0.75
1,22,Thr,Thr0.75,Thr2.25
1,22,Thr,Thr0.75,Thr0.5
1,22,Thr,Thr1.5,Thr1.25
1,22,Thr,Thr1.5,Thr2.5
1,22,Thr,Thr1.5,Thr0.75
1,22,Thr,Thr1.5,Thr2
1,22,Thr,Thr1.75,Thr1.5
1,22,Thr,Thr1.5,Thr2.25
1,22,Thr,Thr1.5,Thr1
1,22,Thr,Thr1.5,Thr0.5
1,22,Thr,Thr2.25,Thr2.5
1,22,Thr,Thr1.25,Thr2.25
1,22,Thr,Thr2.25,Thr1
1,22,Thr,Thr1.75,Thr2.25
1,22,Thr,Thr2.25,Thr0.75
1,22,Thr,Thr2.25,Thr0.5
1,22,Thr,Thr1.5,Thr2.25
1,22,Thr,Thr2,Thr2.25
1,22,Thr,Thr2,Thr1.25
1,22,Thr,Thr2,Thr0.5
1,22,Thr,Thr2,Thr1
1,22,Thr,Thr2,Thr2.25
1,22,Thr,Thr2,Thr1.5
1,22,Thr,Thr2,Thr2.5
1,22,Thr,Thr2,Thr1.75
1,22,Thr,Thr2,Thr0.75
1,34,Thr,Thr1.75,Thr2.25
1,34,Thr,Thr1.75,Thr2.5
1,34,Thr,Thr1.25,Thr1.75
1,34,Thr,Thr1.75,Thr2
1,34,Thr,Thr0.5,Thr1.75
1,34,Thr,Thr1,Thr1.75
1,34,Thr,Thr1.5,Thr1.75
1,34,Thr,Thr0.75,Thr1.75
1,34,Thr,Thr2,Thr2.5
1,34,Thr,Thr0.5,Thr2
1,34,Thr,Thr1.25,Thr2
1,34,Thr,Thr2,Thr2.25
1,34,Thr,Thr0.75,Thr2
1,34,Thr,Thr1.75,Thr2
1,34,Thr,Thr1,Thr2
1,34,Thr,Thr1.5,Thr2
1,34,Thr,Thr0.75,Thr0.5
1,34,Thr,Thr1.25,Thr0.75
1,34,Thr,Thr0.75,Thr1.75
1,34,Thr,Thr0.75,Thr1.5
1,34,Thr,Thr0.75,Thr2
1,34,Thr,Thr1,Thr0.75
1,34,Thr,Thr2.25,Thr0.75
1,34,Thr,Thr0.75,Thr2.5
1,34,Thr,Thr1.5,Thr2.25
1,34,Thr,Thr1.5,Thr1.75
1,34,Thr,Thr1.5,Thr2.5
1,34,Thr,Thr1.5,Thr2
1,34,Thr,Thr1,Thr1.5
1,34,Thr,Thr0.75,Thr1.5
1,34,Thr,Thr1.25,Thr1.5
1,34,Thr,Thr1.5,Thr0.5
1,34,Thr,Thr0.5,Thr2
1,34,Thr,Thr1.25,Thr0.5
1,34,Thr,Thr1.25,Thr0.75
1,34,Thr,Thr1.75,Thr0.5
1,34,Thr,Thr1.25,Thr1.5
1,34,Thr,Thr1.25,Thr2.5
1,34,Thr,Thr1.25,Thr1.75
1,34,Thr,Thr1,Thr1.25
1,34,Thr,Thr0.5,Thr2.5
1,34,Thr,Thr1.25,Thr2.25
1,34,Thr,Thr0.75,Thr0.5
1,34,Thr,Thr1.25,Thr2
1,34,Thr,Thr0.5,Thr2.25
1,34,Thr,Thr1.25,Thr0.5
1,34,Thr,Thr1,Thr0.5
1,34,Thr,Thr1.5,Thr0.5
1,34,Thr,Thr1,Thr2.5
1,34,Thr,Thr1.5,Thr2.5
1,34,Thr,Thr1.75,Thr2.5
1,34,Thr,Thr0.75,Thr2.5
1,34,Thr,Thr0.5,Thr2.5
1,34,Thr,Thr1.25,Thr2.5
1,34,Thr,Thr2,Thr2.5
1,34,Thr,Thr2.25,Thr2.5
1,34,Thr,Thr1.75,Thr2.25
1,34,Thr,Thr1.25,Thr2.25
1,34,Thr,Thr0.75,Thr2.25
1,34,Thr,Thr1.5,Thr2.25
1,34,Thr,Thr2,Thr2.25
1,34,Thr,Thr1,Thr2.25
1,34,Thr,Thr2.25,Thr2.5
1,34,Thr,Thr0.5,Thr2.25
1,34,Thr,Thr1,Thr2.25
1,34,Thr,Thr1,Thr2.5
1,34,Thr,Thr1,Thr1.75
1,34,Thr,Thr1,Thr0.75
1,34,Thr,Thr1.5,Thr1
1,34,Thr,Thr1,Thr0.5
1,34,Thr,Thr1,Thr2
1,34,Thr,Thr1.25,Thr1
1,39,Thr,Thr2.25,Thr1.75
1,39,Thr,Thr2.25,Thr2.5
1,39,Thr,Thr2,Thr2.25
1,39,Thr,Thr2.25,Thr0.75
1,39,Thr,Thr2.25,Thr1
1,39,Thr,Thr2.25,Thr1.25
1,39,Thr,Thr2.25,Thr1.5
1,39,Thr,Thr2.25,Thr0.5
1,39,Thr,Thr2,Thr0.5
1,39,Thr,Thr2,Thr1
1,39,Thr,Thr2,Thr2.25
1,39,Thr,Thr2,Thr1.25
1,39,Thr,Thr2,Thr2.5
1,39,Thr,Thr2,Thr1.5
1,39,Thr,Thr2,Thr0.75
1,39,Thr,Thr1.75,Thr2
1,39,Thr,Thr2.5,Thr0.5
1,39,Thr,Thr0.5,Thr1
1,39,Thr,Thr1.25,Thr0.75
1,39,Thr,Thr1.25,Thr2.25
1,39,Thr,Thr2.25,Thr0.5
1,39,Thr,Thr1.75,Thr1.25
1,39,Thr,Thr1.25,Thr0.5
1,39,Thr,Thr1.75,Thr0.5
1,39,Thr,Thr0.75,Thr0.5
1,39,Thr,Thr1.25,Thr2
1,39,Thr,Thr2,Thr0.5
1,39,Thr,Thr1.25,Thr1
1,39,Thr,Thr1.5,Thr0.5
1,39,Thr,Thr2.5,Thr1.25
1,39,Thr,Thr1.25,Thr0.5
1,39,Thr,Thr1.5,Thr1.25
1,39,Thr,Thr2.5,Thr1.5
1,39,Thr,Thr2.5,Thr1.25
1,39,Thr,Thr2.5,Thr2
1,39,Thr,Thr2.5,Thr0.75
1,39,Thr,Thr2.5,Thr1
1,39,Thr,Thr2.25,Thr2.5
1,39,Thr,Thr2.5,Thr0.5
1,39,Thr,Thr2.5,Thr1.75
1,39,Thr,Thr1.75,Thr2
1,39,Thr,Thr1.75,Thr1.25
1,39,Thr,Thr1.75,Thr2.25
1,39,Thr,Thr1.75,Thr1.5
1,39,Thr,Thr1.75,Thr0.5
1,39,Thr,Thr1.75,Thr2.5
1,39,Thr,Thr1.75,Thr1
1,39,Thr,Thr0.75,Thr1.75
1,39,Thr,Thr1,Thr1.25
1,39,Thr,Thr2,Thr1
1,39,Thr,Thr0.75,Thr1
1,39,Thr,Thr2.5,Thr1
1,39,Thr,Thr2.25,Thr1
1,39,Thr,Thr0.5,Thr1
1,39,Thr,Thr1.5,Thr1
1,39,Thr,Thr1.75,Thr1
1,39,Thr,Thr2.5,Thr0.75
1,39,Thr,Thr0.75,Thr1.25
1,39,Thr,Thr0.5,Thr0.75
1,39,Thr,Thr1.75,Thr0.75
1,39,Thr,Thr2.25,Thr0.75
1,39,Thr,Thr2,Thr0.75
1,39,Thr,Thr0.75,Thr1.5
1,39,Thr,Thr0.75,Thr1
1,39,Thr,Thr1.75,Thr1.5
1,39,Thr,Thr1.5,Thr1.25
1,39,Thr,Thr1.5,Thr0.75
1,39,Thr,Thr1.5,Thr2.25
1,39,Thr,Thr1.5,Thr0.5
1,39,Thr,Thr1.5,Thr1
1,39,Thr,Thr2.5,Thr1.5
1,39,Thr,Thr2,Thr1.5
1,40,Thr,Thr2,Thr0.5
1,40,Thr,Thr0.5,Thr0.75
1,40,Thr,Thr1.25,Thr0.5
1,40,Thr,Thr2.25,Thr1.25
1,40,Thr,Thr1.25,Thr0.5
1,40,Thr,Thr1.75,Thr0.5
1,40,Thr,Thr1.75,Thr1.25
1,40,Thr,Thr2.25,Thr0.5
1,40,Thr,Thr1.25,Thr1
1,40,Thr,Thr1.5,Thr1.25
1,40,Thr,Thr2.5,Thr1.25
1,40,Thr,Thr0.5,Thr1
1,40,Thr,Thr1.5,Thr0.5
1,40,Thr,Thr0.75,Thr1.25
1,40,Thr,Thr2,Thr1.25
1,40,Thr,Thr2.5,Thr0.5
1,40,Thr,Thr2,Thr0.5
1,40,Thr,Thr1.75,Thr2
1,40,Thr,Thr2,Thr1
1,40,Thr,Thr2,Thr2.5
1,40,Thr,Thr2,Thr0.75
1,40,Thr,Thr2,Thr1.25
1,40,Thr,Thr2,Thr2.25
1,40,Thr,Thr2,Thr1.5
1,40,Thr,Thr2.25,Thr1
1,40,Thr,Thr2.25,Thr2
1,40,Thr,Thr2.25,Thr1.25
1,40,Thr,Thr2.25,Thr0.5
1,40,Thr,Thr2.25,Thr1.75
1,40,Thr,Thr2.5,Thr2.25
1,40,Thr,Thr2.25,Thr1.5
1,40,Thr,Thr2.25,Thr0.75
1,40,Thr,Thr2.5,Thr1.25
1,40,Thr,Thr2.5,Thr0.5
1,40,Thr,Thr2.5,Thr1.75
1,40,Thr,Thr2.5,Thr1
1,40,Thr,Thr2.5,Thr0.75
1,40,Thr,Thr2.5,Thr2.25
1,40,Thr,Thr2.5,Thr1.5
1,40,Thr,Thr2.5,Thr2
1,40,Thr,Thr0.75,Thr1.25
1,40,Thr,Thr2.5,Thr0.75
1,40,Thr,Thr2,Thr0.75
1,40,Thr,Thr1.5,Thr0.75
1,40,Thr,Thr2.25,Thr0.75
1,40,Thr,Thr1.75,Thr0.75
1,40,Thr,Thr0.5,Thr0.75
1,40,Thr,Thr0.75,Thr1
1,40,Thr,Thr2.25,Thr1.5
1,40,Thr,Thr1.25,Thr1.5
1,40,Thr,Thr1,Thr1.5
1,40,Thr,Thr0.5,Thr1.5
1,40,Thr,Thr1.75,Thr1.5
1,40,Thr,Thr0.75,Thr1.5
1,40,Thr,Thr2.5,Thr1.5
1,40,Thr,Thr2,Thr1.5
1,40,Thr,Thr0.5,Thr1.75
1,40,Thr,Thr2.5,Thr1.75
1,40,Thr,Thr1.75,Thr1.25
1,40,Thr,Thr1.75,Thr1.5
1,40,Thr,Thr1.75,Thr1
1,40,Thr,Thr1.75,Thr0.75
1,40,Thr,Thr1.75,Thr2
1,40,Thr,Thr1.75,Thr2.25
1,40,Thr,Thr1,Thr2.25
1,40,Thr,Thr0.5,Thr1
1,40,Thr,Thr1,Thr1.25
1,40,Thr,Thr0.75,Thr1
1,40,Thr,Thr1,Thr2
1,40,Thr,Thr1.75,Thr1
1,40,Thr,Thr1,Thr2.5
1,40,Thr,Thr1.5,Thr1
1,53,Thr,Thr2.5,Thr2.25
1,53,Thr,Thr2.25,Thr1.25
1,53,Thr,Thr1,Thr2.25
1,53,Thr,Thr1.5,Thr2.25
1,53,Thr,Thr2,Thr2.25
1,53,Thr,Thr1.75,Thr2.25
1,53,Thr,Thr0.5,Thr2.25
1,53,Thr,Thr0.75,Thr2.25
1,53,Thr,Thr1,Thr0.5
1,53,Thr,Thr0.75,Thr1
1,53,Thr,Thr2,Thr1
1,53,Thr,Thr1.5,Thr1
1,53,Thr,Thr1.75,Thr1
1,53,Thr,Thr1.25,Thr1
1,53,Thr,Thr2.5,Thr1
1,53,Thr,Thr2.25,Thr1
1,53,Thr,Thr2.25,Thr1.25
1,53,Thr,Thr1,Thr0.5
1,53,Thr,Thr2.5,Thr1.25
1,53,Thr,Thr1.25,Thr2
1,53,Thr,Thr1,Thr1.25
1,53,Thr,Thr0.5,Thr2.5
1,53,Thr,Thr0.5,Thr1.75
1,53,Thr,Thr1.25,Thr0.5
1,53,Thr,Thr1.25,Thr1.5
1,53,Thr,Thr1.25,Thr1.75
1,53,Thr,Thr0.5,Thr2.25
1,53,Thr,Thr0.75,Thr1.25
1,53,Thr,Thr1.5,Thr0.5
1,53,Thr,Thr0.5,Thr1.25
1,53,Thr,Thr0.75,Thr0.5
1,53,Thr,Thr0.5,Thr2
1,53,Thr,Thr1.5,Thr2.5
1,53,Thr,Thr0.75,Thr2.5
1,53,Thr,Thr2,Thr2.5
1,53,Thr,Thr1.75,Thr2.5
1,53,Thr,Thr0.5,Thr2.5
1,53,Thr,Thr1.25,Thr2.5
1,53,Thr,Thr2.25,Thr2.5
1,53,Thr,Thr1,Thr2.5
1,53,Thr,Thr0.5,Thr0.75
1,53,Thr,Thr0.75,Thr1.75
1,53,Thr,Thr1,Thr0.75
1,53,Thr,Thr0.75,Thr1.25
1,53,Thr,Thr2,Thr0.75
1,53,Thr,Thr0.75,Thr2.25
1,53,Thr,Thr0.75,Thr1.5
1,53,Thr,Thr0.75,Thr2.5
1,53,Thr,Thr0.5,Thr1.5
1,53,Thr,Thr1.5,Thr2.5
1,53,Thr,Thr1.5,Thr1.75
1,53,Thr,Thr0.75,Thr1.5
1,53,Thr,Thr1.5,Thr2.25
1,53,Thr,Thr1.5,Thr2
1,53,Thr,Thr1.25,Thr1.5
1,53,Thr,Thr1,Thr1.5
1,53,Thr,Thr1.75,Thr2
1,53,Thr,Thr1.75,Thr2.5
1,53,Thr,Thr1.5,Thr1.75
1,53,Thr,Thr1.75,Thr2.25
1,53,Thr,Thr0.75,Thr1.75
1,53,Thr,Thr1.25,Thr1.75
1,53,Thr,Thr0.5,Thr1.75
1,53,Thr,Thr1,Thr1.75
1,53,Thr,Thr2,Thr2.25
1,53,Thr,Thr1.75,Thr2
1,53,Thr,Thr1.25,Thr2
1,53,Thr,Thr0.75,Thr2
1,53,Thr,Thr1,Thr2
1,53,Thr,Thr1.5,Thr2
1,53,Thr,Thr0.5,Thr2
1,53,Thr,Thr2,Thr2.5
1,58,Thr,Thr2.25,Thr1.75
1,58,Thr,Thr2.5,Thr2.25
1,58,Thr,Thr2.25,Thr0.75
1,58,Thr,Thr2.25,Thr0.5
1,58,Thr,Thr2.25,Thr1.25
1,58,Thr,Thr2.25,Thr1.5
1,58,Thr,Thr2.25,Thr2
1,58,Thr,Thr2.25,Thr1
1,58,Thr,Thr2.5,Thr2.25
1,58,Thr,Thr2.5,Thr0.5
1,58,Thr,Thr2.5,Thr2
1,58,Thr,Thr2.5,Thr1.5
1,58,Thr,Thr2.5,Thr1.75
1,58,Thr,Thr2.5,Thr1
1,58,Thr,Thr2.5,Thr1.25
1,58,Thr,Thr2.5,Thr0.75
1,58,Thr,Thr2.25,Thr1.75
1,58,Thr,Thr2.5,Thr1.75
1,58,Thr,Thr1.75,Thr0.75
1,58,Thr,Thr1.75,Thr0.5
1,58,Thr,Thr2,Thr1.75
1,58,Thr,Thr1.75,Thr1.5
1,58,Thr,Thr1.75,Thr1
1,58,Thr,Thr1.75,Thr1.25
1,58,Thr,Thr2.5,Thr1.5
1,58,Thr,Thr2.25,Thr1.5
1,58,Thr,Thr1.5,Thr1.25
1,58,Thr,Thr1.5,Thr0.75
1,58,Thr,Thr1.5,Thr0.5
1,58,Thr,Thr1.5,Thr1
1,58,Thr,Thr2,Thr1.5
1,58,Thr,Thr1.75,Thr1.5
1,58,Thr,Thr0.75,Thr1.25
1,58,Thr,Thr0.75,Thr2.25
1,58,Thr,Thr2,Thr0.75
1,58,Thr,Thr0.75,Thr2.5
1,58,Thr,Thr0.75,Thr1
1,58,Thr,Thr0.75,Thr1.5
1,58,Thr,Thr0.75,Thr1.75
1,58,Thr,Thr0.75,Thr0.5
1,58,Thr,Thr2,Thr1.75
1,58,Thr,Thr2,Thr1.25
1,58,Thr,Thr2.25,Thr2
1,58,Thr,Thr2.5,Thr2
1,58,Thr,Thr2,Thr0.5
1,58,Thr,Thr2,Thr0.75
1,58,Thr,Thr2,Thr1.5
1,58,Thr,Thr2,Thr1
1,58,Thr,Thr1,Thr0.5
1,58,Thr,Thr1.25,Thr0.5
1,58,Thr,Thr0.75,Thr0.5
1,58,Thr,Thr1.25,Thr1
1,58,Thr,Thr1.25,Thr0.5
1,58,Thr,Thr1.25,Thr0.75
1,58,Thr,Thr0.5,Thr2
1,58,Thr,Thr0.5,Thr1.5
1,58,Thr,Thr1.5,Thr1.25
1,58,Thr,Thr2.5,Thr0.5
1,58,Thr,Thr1.75,Thr1.25
1,58,Thr,Thr2.5,Thr1.25
1,58,Thr,Thr2,Thr1.25
1,58,Thr,Thr2.25,Thr0.5
1,58,Thr,Thr1.75,Thr0.5
1,58,Thr,Thr2.25,Thr1.25
1,58,Thr,Thr1,Thr1.75
1,58,Thr,Thr1,Thr1.5
1,58,Thr,Thr2,Thr1
1,58,Thr,Thr1,Thr2.25
1,58,Thr,Thr1.25,Thr1
1,58,Thr,Thr1,Thr2.5
1,58,Thr,Thr1,Thr0.75
1,58,Thr,Thr1,Thr0.5
2,2,Thr,Thr1,Thr2.25
2,2,Thr,Thr0.5,Thr2.25
2,2,Thr,Thr1.75,Thr2.25
2,2,Thr,Thr1.5,Thr2.25
2,2,Thr,Thr2,Thr2.25
2,2,Thr,Thr0.75,Thr2.25
2,2,Thr,Thr2.25,Thr2.5
2,2,Thr,Thr1.25,Thr2.25
2,2,Thr,Thr1,Thr2
2,2,Thr,Thr1,Thr2.25
2,2,Thr,Thr1,Thr0.5
2,2,Thr,Thr1.25,Thr1
2,2,Thr,Thr2.5,Thr1
2,2,Thr,Thr1.5,Thr1
2,2,Thr,Thr1,Thr0.75
2,2,Thr,Thr1.75,Thr1
2,2,Thr,Thr1.75,Thr2.5
2,2,Thr,Thr1.5,Thr1.75
2,2,Thr,Thr1.75,Thr0.5
2,2,Thr,Thr1.75,Thr1
2,2,Thr,Thr1.75,Thr2
2,2,Thr,Thr1.25,Thr1.75
2,2,Thr,Thr1.75,Thr0.75
2,2,Thr,Thr1.75,Thr2.25
2,2,Thr,Thr1.5,Thr2
2,2,Thr,Thr2.5,Thr1.5
2,2,Thr,Thr1.5,Thr1.25
2,2,Thr,Thr1.75,Thr1.5
2,2,Thr,Thr2.25,Thr1.5
2,2,Thr,Thr0.5,Thr1.5
2,2,Thr,Thr1.5,Thr1
2,2,Thr,Thr1.5,Thr0.75
2,2,Thr,Thr0.5,Thr1
2,2,Thr,Thr0.5,Thr1.25
2,2,Thr,Thr1.25,Thr1
2,2,Thr,Thr0.5,Thr2.5
2,2,Thr,Thr0.5,Thr0.75
2,2,Thr,Thr1.25,Thr2.5
2,2,Thr,Thr1.5,Thr1.25
2,2,Thr,Thr0.5,Thr1.25
2,2,Thr,Thr1.75,Thr1.25
2,2,Thr,Thr0.75,Thr1.25
2,2,Thr,Thr2.25,Thr0.5
2,2,Thr,Thr0.5,Thr1.75
2,2,Thr,Thr1.25,Thr2
2,2,Thr,Thr2.25,Thr1.25
2,2,Thr,Thr2,Thr0.5
2,2,Thr,Thr1.5,Thr0.5
2,2,Thr,Thr2,Thr0.75
2,2,Thr,Thr2,Thr2.25
2,2,Thr,Thr0.5,Thr2
2,2,Thr,Thr1.75,Thr2
2,2,Thr,Thr1.5,Thr2
2,2,Thr,Thr2,Thr1
2,2,Thr,Thr2,Thr1.25
2,2,Thr,Thr2,Thr2.5
2,2,Thr,Thr1.25,Thr0.75
2,2,Thr,Thr2.5,Thr0.75
2,2,Thr,Thr1.5,Thr0.75
2,2,Thr,Thr0.75,Thr2.25
2,2,Thr,Thr0.5,Thr0.75
2,2,Thr,Thr1.75,Thr0.75
2,2,Thr,Thr1,Thr0.75
2,2,Thr,Thr2,Thr0.75
2,2,Thr,Thr1.25,Thr2.5
2,2,Thr,Thr2.5,Thr0.5
2,2,Thr,Thr1.5,Thr2.5
2,2,Thr,Thr1.75,Thr2.5
2,2,Thr,Thr2.25,Thr2.5
2,2,Thr,Thr1,Thr2.5
2,2,Thr,Thr2,Thr2.5
2,2,Thr,Thr2.5,Thr0.75
2,7,Thr,Thr1,Thr0.5
2,7,Thr,Thr1,Thr1.25
2,7,Thr,Thr0.5,Thr2.5
2,7,Thr,Thr1.25,Thr1.5
2,7,Thr,Thr1.25,Thr2.5
2,7,Thr,Thr1.25,Thr1.75
2,7,Thr,Thr0.5,Thr1.75
2,7,Thr,Thr1.25,Thr0.5
2,7,Thr,Thr0.5,Thr1.25
2,7,Thr,Thr1.25,Thr2
2,7,Thr,Thr0.75,Thr1.25
2,7,Thr,Thr0.5,Thr1.5
2,7,Thr,Thr1.25,Thr2.25
2,7,Thr,Thr0.5,Thr0.75
2,7,Thr,Thr0.5,Thr2
2,7,Thr,Thr0.5,Thr2.25
2,7,Thr,Thr1.5,Thr2
2,7,Thr,Thr1.25,Thr1.5
2,7,Thr,Thr0.5,Thr1.5
2,7,Thr,Thr1,Thr1.5
2,7,Thr,Thr0.75,Thr1.5
2,7,Thr,Thr1.5,Thr1.75
2,7,Thr,Thr1.5,Thr2.5
2,7,Thr,Thr1.5,Thr2.25
2,7,Thr,Thr1.75,Thr2.5
2,7,Thr,Thr1.25,Thr1.75
2,7,Thr,Thr1.75,Thr2
2,7,Thr,Thr1,Thr1.75
2,7,Thr,Thr0.5,Thr1.75
2,7,Thr,Thr1.75,Thr2.25
2,7,Thr,Thr0.75,Thr1.75
2,7,Thr,Thr1.5,Thr1.75
2,7,Thr,Thr2.5,Thr1
2,7,Thr,Thr1,Thr1.75
2,7,Thr,Thr1,Thr1.25
2,7,Thr,Thr1,Thr2
2,7,Thr,Thr0.75,Thr1
2,7,Thr,Thr1,Thr2.25
2,7,Thr,Thr1,Thr1.5
2,7,Thr,Thr1,Thr0.5
2,7,Thr,Thr1.5,Thr2.25
2,7,Thr,Thr2.25,Thr2.5
2,7,Thr,Thr2,Thr2.25
2,7,Thr,Thr1.25,Thr2.25
2,7,Thr,Thr2.25,Thr0.5
2,7,Thr,Thr1,Thr2.25
2,7,Thr,Thr2.25,Thr0.75
2,7,Thr,Thr1.75,Thr2.25
2,7,Thr,Thr1,Thr2.5
2,7,Thr,Thr2.5,Thr1.25
2,7,Thr,Thr2,Thr2.5
2,7,Thr,Thr1.75,Thr2.5
2,7,Thr,Thr1.5,Thr2.5
2,7,Thr,Thr2.25,Thr2.5
2,7,Thr,Thr0.75,Thr2.5
2,7,Thr,Thr0.5,Thr2.5
2,7,Thr,Thr0.75,Thr2.25
2,7,Thr,Thr0.75,Thr2.5
2,7,Thr,Thr1,Thr0.75
2,7,Thr,Thr1.5,Thr0.75
2,7,Thr,Thr0.75,Thr1.75
2,7,Thr,Thr2,Thr0.75
2,7,Thr,Thr0.75,Thr0.5
2,7,Thr,Thr1.25,Thr0.75
2,7,Thr,Thr1.75,Thr2
2,7,Thr,Thr1,Thr2
2,7,Thr,Thr2.25,Thr2
2,7,Thr,Thr1.5,Thr2
2,7,Thr,Thr0.5,Thr2
2,7,Thr,Thr0.75,Thr2
2,7,Thr,Thr2,Thr1.25
2,7,Thr,Thr2,Thr2.5
2,10,Thr,Thr1.25,Thr0.5
2,10,Thr,Thr1.75,Thr1.25
2,10,Thr,Thr0.5,Thr2.25
2,10,Thr,Thr0.5,Thr1
2,10,Thr,Thr0.5,Thr0.75
2,10,Thr,Thr1.5,Thr1.25
2,10,Thr,Thr2,Thr1.25
2,10,Thr,Thr2.25,Thr1.25
2,10,Thr,Thr2,Thr0.5
2,10,Thr,Thr1.25,Thr0.75
2,10,Thr,Thr2.5,Thr0.5
2,10,Thr,Thr2.5,Thr1.25
2,10,Thr,Thr0.5,Thr1.25
2,10,Thr,Thr1.75,Thr0.5
2,10,Thr,Thr1.5,Thr0.5
2,10,Thr,Thr1.25,Thr1
2,10,Thr,Thr2,Thr1.5
2,10,Thr,Thr1.25,Thr1.5
2,10,Thr,Thr2.5,Thr1.5
2,10,Thr,Thr1.5,Thr0.5
2,10,Thr,Thr1.5,Thr0.75
2,10,Thr,Thr1.5,Thr1
2,10,Thr,Thr2.25,Thr1.5
2,10,Thr,Thr1.75,Thr1.5
2,10,Thr,Thr2.5,Thr1.75
2,10,Thr,Thr1.75,Thr0.75
2,10,Thr,Thr1.75,Thr0.5
2,10,Thr,Thr1.75,Thr1.25
2,10,Thr,Thr1.75,Thr2
2,10,Thr,Thr1.75,Thr1.5
2,10,Thr,Thr1.75,Thr1
2,10,Thr,Thr2.25,Thr1.75
2,10,Thr,Thr2.5,Thr2
2,10,Thr,Thr2,Thr0.5
2,10,Thr,Thr2,Thr1.75
2,10,Thr,Thr2,Thr1.5
2,10,Thr,Thr2,Thr1
2,10,Thr,Thr2,Thr1.25
2,10,Thr,Thr2.25,Thr2
2,10,Thr,Thr2,Thr0.75
2,10,Thr,Thr2.25,Thr1.25
2,10,Thr,Thr2.25,Thr2
2,10,Thr,Thr2.25,Thr0.75
2,10,Thr,Thr2.5,Thr2.25
2,10,Thr,Thr2.25,Thr1.75
2,10,Thr,Thr2.25,Thr1.5
2,10,Thr,Thr2.25,Thr0.5
2,10,Thr,Thr2.25,Thr1
2,10,Thr,Thr2.5,Thr1
2,10,Thr,Thr2.5,Thr1.5
2,10,Thr,Thr2.5,Thr1.25
2,10,Thr,Thr2.5,Thr0.5
2,10,Thr,Thr2.25,Thr2.5
2,10,Thr,Thr2,Thr2.5
2,10,Thr,Thr2.5,Thr1.75
2,10,Thr,Thr2.5,Thr0.75
2,10,Thr,Thr0.5,Thr0.75
2,10,Thr,Thr1.5,Thr0.75
2,10,Thr,Thr0.75,Thr1
2,10,Thr,Thr2.5,Thr0.75
2,10,Thr,Thr2,Thr0.75
2,10,Thr,Thr1.25,Thr0.75
2,10,Thr,Thr1.75,Thr0.75
2,10,Thr,Thr2.25,Thr0.75
2,10,Thr,Thr0.5,Thr1
2,10,Thr,Thr1.75,Thr1
2,10,Thr,Thr2.25,Thr1
2,10,Thr,Thr2.5,Thr1
2,10,Thr,Thr1.25,Thr1
2,10,Thr,Thr1,Thr0.75
2,10,Thr,Thr1.5,Thr1
2,10,Thr,Thr2,Thr1
2,18,Thr,Thr0.5,Thr2.5
2,18,Thr,Thr1.25,Thr0.75
2,18,Thr,Thr1,Thr0.5
2,18,Thr,Thr1.25,Thr0.5
2,18,Thr,Thr0.75,Thr0.5
2,18,Thr,Thr2.5,Thr1.25
2,18,Thr,Thr1.5,Thr0.5
2,18,Thr,Thr1.25,Thr0.5
2,18,Thr,Thr1.75,Thr0.5
2,18,Thr,Thr1.75,Thr1.25
2,18,Thr,Thr2,Thr0.5
2,18,Thr,Thr1.5,Thr1.25
2,18,Thr,Thr2,Thr1.25
2,18,Thr,Thr2.25,Thr1.25
2,18,Thr,Thr2.25,Thr0.5
2,18,Thr,Thr1.25,Thr1
2,18,Thr,Thr2.5,Thr0.5
2,18,Thr,Thr2.5,Thr2.25
2,18,Thr,Thr2.5,Thr1.5
2,18,Thr,Thr2.5,Thr1.75
2,18,Thr,Thr2.5,Thr1
2,18,Thr,Thr2.5,Thr1.25
2,18,Thr,Thr2.5,Thr0.75
2,18,Thr,Thr2.5,Thr2
2,18,Thr,Thr2.5,Thr2.25
2,18,Thr,Thr2.25,Thr0.75
2,18,Thr,Thr1.25,Thr2.25
2,18,Thr,Thr1.5,Thr2.25
2,18,Thr,Thr2,Thr2.25
2,18,Thr,Thr0.5,Thr2.25
2,18,Thr,Thr1,Thr2.25
2,18,Thr,Thr1.75,Thr2.25
2,18,Thr,Thr1.5,Thr2
2,18,Thr,Thr1.75,Thr1.5
2,18,Thr,Thr1.5,Thr0.5
2,18,Thr,Thr1.5,Thr1.25
2,18,Thr,Thr1.5,Thr0.75
2,18,Thr,Thr1.5,Thr2.25
2,18,Thr,Thr1.5,Thr2.5
2,18,Thr,Thr1.5,Thr1
2,18,Thr,Thr1,Thr0.75
2,18,Thr,Thr1.25,Thr0.75
2,18,Thr,Thr1.75,Thr0.75
2,18,Thr,Thr0.75,Thr2.5
2,18,Thr,Thr2,Thr0.75
2,18,Thr,Thr0.75,Thr0.5
2,18,Thr,Thr0.75,Thr2.25
2,18,Thr,Thr1.5,Thr0.75
2,18,Thr,Thr1.5,Thr1
2,18,Thr,Thr1,Thr0.75
2,18,Thr,Thr2.25,Thr1
2,18,Thr,Thr1.75,Thr1
2,18,Thr,Thr1,Thr0.5
2,18,Thr,Thr1.25,Thr1
2,18,Thr,Thr1,Thr2.5
2,18,Thr,Thr1,Thr2
2,18,Thr,Thr1.75,Thr2.5
2,18,Thr,Thr1.75,Thr1.25
2,18,Thr,Thr1.75,Thr1
2,18,Thr,Thr1.75,Thr0.75
2,18,Thr,Thr1.75,Thr0.5
2,18,Thr,Thr1.75,Thr1.5
2,18,Thr,Thr1.75,Thr2
2,18,Thr,Thr1.75,Thr2.25
2,18,Thr,Thr2,Thr2.5
2,18,Thr,Thr2,Thr0.75
2,18,Thr,Thr2,Thr1.5
2,18,Thr,Thr2,Thr2.25
2,18,Thr,Thr2,Thr1.25
2,18,Thr,Thr1.75,Thr2
2,18,Thr,Thr2,Thr1
2,18,Thr,Thr2,Thr0.5
2,19,Thr,Thr1.25,Thr2.25
2,19,Thr,Thr1.75,Thr2.25
2,19,Thr,Thr1,Thr2.25
2,19,Thr,Thr2,Thr2.25
2,19,Thr,Thr1.5,Thr2.25
2,19,Thr,Thr0.75,Thr2.25
2,19,Thr,Thr0.5,Thr2.25
2,19,Thr,Thr2.5,Thr2.25
2,19,Thr,Thr0.5,Thr1
2,19,Thr,Thr2,Thr1
2,19,Thr,Thr1.75,Thr1
2,19,Thr,Thr2.5,Thr1
2,19,Thr,Thr1.5,Thr1
2,19,Thr,Thr1,Thr2.25
2,19,Thr,Thr0.75,Thr1
2,19,Thr,Thr1.25,Thr1
2,19,Thr,Thr2,Thr1.75
2,19,Thr,Thr2.5,Thr1.75
2,19,Thr,Thr1,Thr1.75
2,19,Thr,Thr1.75,Thr0.5
2,19,Thr,Thr1.25,Thr1.75
2,19,Thr,Thr2.25,Thr1.75
2,19,Thr,Thr0.75,Thr1.75
2,19,Thr,Thr1.5,Thr1.75
2,19,Thr,Thr2,Thr1.5
2,19,Thr,Thr1.75,Thr2
2,19,Thr,Thr1.25,Thr2
2,19,Thr,Thr2.5,Thr2
2,19,Thr,Thr0.5,Thr2
2,19,Thr,Thr2,Thr0.75
2,19,Thr,Thr1,Thr2
2,19,Thr,Thr2.25,Thr2
2,19,Thr,Thr1.25,Thr2.5
2,19,Thr,Thr1,Thr0.5
2,19,Thr,Thr0.5,Thr2
2,19,Thr,Thr1.25,Thr2.25
2,19,Thr,Thr0.5,Thr2.5
2,19,Thr,Thr0.75,Thr0.5
2,19,Thr,Thr0.5,Thr2.25
2,19,Thr,Thr1,Thr1.25
2,19,Thr,Thr0.5,Thr1.25
2,19,Thr,Thr0.5,Thr1.75
2,19,Thr,Thr1.25,Thr1.5
2,19,Thr,Thr1.25,Thr0.75
2,19,Thr,Thr1.25,Thr0.5
2,19,Thr,Thr1.25,Thr2
2,19,Thr,Thr1.25,Thr1.75
2,19,Thr,Thr1.5,Thr0.5
2,19,Thr,Thr2,Thr2.5
2,19,Thr,Thr2.25,Thr2.5
2,19,Thr,Thr1.5,Thr2.5
2,19,Thr,Thr1,Thr2.5
2,19,Thr,Thr1.25,Thr2.5
2,19,Thr,Thr0.5,Thr2.5
2,19,Thr,Thr1.75,Thr2.5
2,19,Thr,Thr2.5,Thr0.75
2,19,Thr,Thr2.5,Thr0.75
2,19,Thr,Thr0.75,Thr2.25
2,19,Thr,Thr0.75,Thr1.75
2,19,Thr,Thr1,Thr0.75
2,19,Thr,Thr0.5,Thr0.75
2,19,Thr,Thr1.5,Thr0.75
2,19,Thr,Thr2,Thr0.75
2,19,Thr,Thr1.25,Thr0.75
2,19,Thr,Thr2,Thr1.5
2,19,Thr,Thr1.5,Thr0.5
2,19,Thr,Thr1.5,Thr2.5
2,19,Thr,Thr1.5,Thr1.75
2,19,Thr,Thr1.5,Thr0.75
2,19,Thr,Thr1.5,Thr2.25
2,19,Thr,Thr1.25,Thr1.5
2,19,Thr,Thr1.5,Thr1
2,29,Thr,Thr1.75,Thr2
2,29,Thr,Thr0.5,Thr1.75
2,29,Thr,Thr0.75,Thr1.75
2,29,Thr,Thr1,Thr1.75
2,29,Thr,Thr1.75,Thr1.25
2,29,Thr,Thr1.75,Thr2.5
2,29,Thr,Thr1.5,Thr1.75
2,29,Thr,Thr1.75,Thr2.25
2,29,Thr,Thr1.5,Thr1
2,29,Thr,Thr1.5,Thr1.25
2,29,Thr,Thr1.5,Thr0.5
2,29,Thr,Thr1.5,Thr2.5
2,29,Thr,Thr1.5,Thr0.75
2,29,Thr,Thr1.5,Thr2.25
2,29,Thr,Thr1.5,Thr1.75
2,29,Thr,Thr1.5,Thr2
2,29,Thr,Thr0.5,Thr2
2,29,Thr,Thr1.25,Thr2.5
2,29,Thr,Thr1.75,Thr0.5
2,29,Thr,Thr1.25,Thr1.5
2,29,Thr,Thr1.25,Thr2
2,29,Thr,Thr0.5,Thr2.5
2,29,Thr,Thr1.25,Thr2.25
2,29,Thr,Thr1.25,Thr0.75
2,29,Thr,Thr0.75,Thr0.5
2,29,Thr,Thr1.5,Thr0.5
2,29,Thr,Thr1.25,Thr1.75
2,29,Thr,Thr1.25,Thr1
2,29,Thr,Thr1.25,Thr0.5
2,29,Thr,Thr1.25,Thr0.5
2,29,Thr,Thr0.5,Thr1
2,29,Thr,Thr0.5,Thr2.25
2,29,Thr,Thr1,Thr2.25
2,29,Thr,Thr1.75,Thr1
2,29,Thr,Thr0.5,Thr1
2,29,Thr,Thr1.25,Thr1
2,29,Thr,Thr1,Thr2.5
2,29,Thr,Thr1,Thr0.75
2,29,Thr,Thr2,Thr1
2,29,Thr,Thr1,Thr1.5
2,29,Thr,Thr2.25,Thr2.5
2,29,Thr,Thr1,Thr2.25
2,29,Thr,Thr1.5,Thr2.25
2,29,Thr,Thr1.25,Thr2.25
2,29,Thr,Thr0.75,Thr2.25
2,29,Thr,Thr1.75,Thr2.25
2,29,Thr,Thr0.5,Thr2.25
2,29,Thr,Thr2.25,Thr2
2,29,Thr,Thr1,Thr2
2,29,Thr,Thr0.75,Thr2
2,29,Thr,Thr2,Thr2.25
2,29,Thr,Thr1.5,Thr2
2,29,Thr,Thr1.75,Thr2
2,29,Thr,Thr0.5,Thr2
2,29,Thr,Thr2,Thr2.5
2,29,Thr,Thr1.25,Thr2
2,29,Thr,Thr0.5,Thr0.75
2,29,Thr,Thr0.75,Thr2
2,29,Thr,Thr2.5,Thr0.75
2,29,Thr,Thr0.75,Thr1
2,29,Thr,Thr0.75,Thr2.25
2,29,Thr,Thr0.75,Thr1.5
2,29,Thr,Thr0.75,Thr1.25
2,29,Thr,Thr0.75,Thr1.75
2,29,Thr,Thr0.75,Thr2.5
2,29,Thr,Thr2.5,Thr1.75
2,29,Thr,Thr0.5,Thr2.5
2,29,Thr,Thr2.5,Thr2.25
2,29,Thr,Thr2.5,Thr1.25
2,29,Thr,Thr2.5,Thr2
2,29,Thr,Thr2.5,Thr1
2,29,Thr,Thr2.5,Thr1.5
2,47,Thr,Thr1,Thr0.75
2,47,Thr,Thr0.75,Thr1.5
2,47,Thr,Thr2,Thr0.75
2,47,Thr,Thr1.75,Thr0.75
2,47,Thr,Thr1.25,Thr0.75
2,47,Thr,Thr2.5,Thr0.75
2,47,Thr,Thr0.5,Thr0.75
2,47,Thr,Thr2.25,Thr0.75
2,47,Thr,Thr1.75,Thr1.5
2,47,Thr,Thr1.5,Thr2.25
2,47,Thr,Thr1.5,Thr2.5
2,47,Thr,Thr1.5,Thr1.25
2,47,Thr,Thr1.5,Thr1
2,47,Thr,Thr1.5,Thr0.5
2,47,Thr,Thr2,Thr1.5
2,47,Thr,Thr1.5,Thr0.75
2,47,Thr,Thr1,Thr0.5
2,47,Thr,Thr1,Thr1.25
2,47,Thr,Thr1.25,Thr0.5
2,47,Thr,Thr1.75,Thr0.5
2,47,Thr,Thr1.5,Thr1.25
2,47,Thr,Thr1.5,Thr0.5
2,47,Thr,Thr1.25,Thr0.75
2,47,Thr,Thr2,Thr1.25
2,47,Thr,Thr2,Thr0.5
2,47,Thr,Thr0.75,Thr0.5
2,47,Thr,Thr2.25,Thr1.25
2,47,Thr,Thr1.75,Thr1.25
2,47,Thr,Thr1.25,Thr0.5
2,47,Thr,Thr1.25,Thr2.5
2,47,Thr,Thr2.5,Thr0.5
2,47,Thr,Thr2.25,Thr0.5
2,47,Thr,Thr2,Thr1.75
2,47,Thr,Thr2,Thr0.75
2,47,Thr,Thr2,Thr1.25
2,47,Thr,Thr2.25,Thr2
2,47,Thr,Thr2.5,Thr2
2,47,Thr,Thr2,Thr1
2,47,Thr,Thr2,Thr0.5
2,47,Thr,Thr2,Thr1.5
2,47,Thr,Thr1.75,Thr0.5
2,47,Thr,Thr1.75,Thr1.5
2,47,Thr,Thr1,Thr1.75
2,47,Thr,Thr1.75,Thr0.75
2,47,Thr,Thr2.5,Thr1.75
2,47,Thr,Thr1.75,Thr1.25
2,47,Thr,Thr2,Thr1.75
2,47,Thr,Thr2.25,Thr1.75
2,47,Thr,Thr1,Thr0.5
2,47,Thr,Thr1,Thr1.5
2,47,Thr,Thr1,Thr1.75
2,47,Thr,Thr2.25,Thr1
2,47,Thr,Thr1,Thr0.75
2,47,Thr,Thr2.5,Thr1
2,47,Thr,Thr1.25,Thr1
2,47,Thr,Thr2,Thr1
2,47,Thr,Thr2.25,Thr1.5
2,47,Thr,Thr2.25,Thr1.75
2,47,Thr,Thr2.25,Thr1.25
2,47,Thr,Thr2.25,Thr0.5
2,47,Thr,Thr2.25,Thr1
2,47,Thr,Thr2.5,Thr2.25
2,47,Thr,Thr2.25,Thr2
2,47,Thr,Thr2.25,Thr0.75
2,47,Thr,Thr2.5,Thr1.5
2,47,Thr,Thr2.5,Thr0.5
2,47,Thr,Thr2.5,Thr1.75
2,47,Thr,Thr2.5,Thr2.25
2,47,Thr,Thr2.5,Thr0.75
2,47,Thr,Thr2.5,Thr1.25
2,47,Thr,Thr2.5,Thr1
2,47,Thr,Thr2.5,Thr2
2,48,Thr,Thr1.75,Thr2.5
2,48,Thr,Thr0.75,Thr1.75
2,48,Thr,Thr1.25,Thr1.75
2,48,Thr,Thr1.75,Thr2.25
2,48,Thr,Thr1.5,Thr1.75
2,48,Thr,Thr1.75,Thr2
2,48,Thr,Thr0.5,Thr1.75
2,48,Thr,Thr1,Thr1.75
2,48,Thr,Thr2.5,Thr2
2,48,Thr,Thr1,Thr2
2,48,Thr,Thr0.5,Thr2
2,48,Thr,Thr1.75,Thr2
2,48,Thr,Thr0.75,Thr2
2,48,Thr,Thr1.5,Thr2
2,48,Thr,Thr2,Thr2.25
2,48,Thr,Thr1.25,Thr2
2,48,Thr,Thr1.5,Thr2.25
2,48,Thr,Thr1.25,Thr2.25
2,48,Thr,Thr0.75,Thr2.25
2,48,Thr,Thr1,Thr2.25
2,48,Thr,Thr2,Thr2.25
2,48,Thr,Thr0.5,Thr2.25
2,48,Thr,Thr1.75,Thr2.25
2,48,Thr,Thr2.25,Thr2.5
2,48,Thr,Thr1.25,Thr2.5
2,48,Thr,Thr2.25,Thr2.5
2,48,Thr,Thr1.75,Thr2.5
2,48,Thr,Thr1.5,Thr2.5
2,48,Thr,Thr0.5,Thr2.5
2,48,Thr,Thr0.75,Thr2.5
2,48,Thr,Thr2,Thr2.5
2,48,Thr,Thr1,Thr2.5
2,48,Thr,Thr1.25,Thr1.75
2,48,Thr,Thr1.25,Thr2
2,48,Thr,Thr1.25,Thr2.5
2,48,Thr,Thr0.5,Thr2.25
2,48,Thr,Thr0.5,Thr2.5
2,48,Thr,Thr1,Thr0.5
2,48,Thr,Thr0.5,Thr1.5
2,48,Thr,Thr1.25,Thr1.5
2,48,Thr,Thr0.5,Thr2
2,48,Thr,Thr0.75,Thr1.25
2,48,Thr,Thr0.5,Thr1.25
2,48,Thr,Thr0.5,Thr1.25
2,48,Thr,Thr0.5,Thr1.75
2,48,Thr,Thr1,Thr1.25
2,48,Thr,Thr1.25,Thr2.25
2,48,Thr,Thr0.5,Thr0.75
2,48,Thr,Thr1,Thr2.5
2,48,Thr,Thr0.75,Thr1
2,48,Thr,Thr1,Thr2.25
2,48,Thr,Thr1,Thr2
2,48,Thr,Thr1,Thr0.5
2,48,Thr,Thr1,Thr1.5
2,48,Thr,Thr1,Thr1.25
2,48,Thr,Thr1,Thr1.75
2,48,Thr,Thr0.75,Thr2.25
2,48,Thr,Thr0.75,Thr2
2,48,Thr,Thr0.75,Thr1.25
2,48,Thr,Thr0.75,Thr2.5
2,48,Thr,Thr0.75,Thr1.5
2,48,Thr,Thr0.75,Thr1.75
2,48,Thr,Thr1,Thr0.75
2,48,Thr,Thr0.75,Thr0.5
2,48,Thr,Thr1.5,Thr2.25
2,48,Thr,Thr1.5,Thr2.5
2,48,Thr,Thr0.5,Thr1.5
2,48,Thr,Thr1,Thr1.5
2,48,Thr,Thr1.25,Thr1.5
2,48,Thr,Thr1.5,Thr2
2,48,Thr,Thr1.5,Thr1.75
2,48,Thr,Thr0.75,Thr1.5
2,51,Thr,Thr1.25,Thr0.5
2,51,Thr,Thr1,Thr0.5
2,51,Thr,Thr2,Thr0.5
2,51,Thr,Thr1.5,Thr1.25
2,51,Thr,Thr1,Thr1.25
2,51,Thr,Thr1.25,Thr0.5
2,51,Thr,Thr0.75,Thr0.5
2,51,Thr,Thr2.25,Thr0.5
2,51,Thr,Thr2,Thr1.25
2,51,Thr,Thr2.25,Thr1.25
2,51,Thr,Thr1.5,Thr0.5
2,51,Thr,Thr2.5,Thr0.5
2,51,Thr,Thr2.5,Thr1.25
2,51,Thr,Thr1.75,Thr0.5
2,51,Thr,Thr1.75,Thr1.25
2,51,Thr,Thr1.25,Thr0.75
2,51,Thr,Thr1.5,Thr1
2,51,Thr,Thr1.5,Thr1.25
2,51,Thr,Thr1.75,Thr1.5
2,51,Thr,Thr2.25,Thr1.5
2,51,Thr,Thr2.5,Thr1.5
2,51,Thr,Thr1.5,Thr0.75
2,51,Thr,Thr1.5,Thr0.5
2,51,Thr,Thr2,Thr1.5
2,51,Thr,Thr2.25,Thr0.75
2,51,Thr,Thr2.25,Thr1.25
2,51,Thr,Thr2.25,Thr1.5
2,51,Thr,Thr2.25,Thr2
2,51,Thr,Thr1.75,Thr2.25
2,51,Thr,Thr2.25,Thr1
2,51,Thr,Thr2.25,Thr0.5
2,51,Thr,Thr2.5,Thr2.25
2,51,Thr,Thr1.75,Thr2.5
2,51,Thr,Thr2.5,Thr1.25
2,51,Thr,Thr2.5,Thr0.5
2,51,Thr,Thr2.5,Thr0.75
2,51,Thr,Thr2.25,Thr2.5
2,51,Thr,Thr1.5,Thr2.5
2,51,Thr,Thr2,Thr2.5
2,51,Thr,Thr1,Thr2.5
2,51,Thr,Thr2.5,Thr1.75
2,51,Thr,Thr1.25,Thr1.75
2,51,Thr,Thr0.75,Thr1.75
2,51,Thr,Thr2.25,Thr1.75
2,51,Thr,Thr1.75,Thr1.5
2,51,Thr,Thr2,Thr1.75
2,51,Thr,Thr1.75,Thr1
2,51,Thr,Thr1.75,Thr0.5
2,51,Thr,Thr1.5,Thr1
2,51,Thr,Thr1,Thr0.5
2,51,Thr,Thr1.25,Thr1
2,51,Thr,Thr1,Thr2
2,51,Thr,Thr2.25,Thr1
2,51,Thr,Thr1,Thr0.75
2,51,Thr,Thr1.75,Thr1
2,51,Thr,Thr2.5,Thr1
2,51,Thr,Thr2.25,Thr0.75
2,51,Thr,Thr1.25,Thr0.75
2,51,Thr,Thr1.5,Thr0.75
2,51,Thr,Thr0.5,Thr0.75
2,51,Thr,Thr0.75,Thr1
2,51,Thr,Thr2,Thr0.75
2,51,Thr,Thr1.75,Thr0.75
2,51,Thr,Thr2.5,Thr0.75
2,51,Thr,Thr2.25,Thr2
2,51,Thr,Thr2,Thr1.25
2,51,Thr,Thr2,Thr1.75
2,51,Thr,Thr2,Thr1
2,51,Thr,Thr2,Thr1.5
2,51,Thr,Thr2.5,Thr2
2,51,Thr,Thr2,Thr0.75
2,51,Thr,Thr2,Thr0.5
2,57,Thr,Thr1.75,Thr0.75
2,57,Thr,Thr2.5,Thr0.75
2,57,Thr,Thr0.75,Thr0.5
2,57,Thr,Thr1.25,Thr0.75
2,57,Thr,Thr1.5,Thr0.75
2,57,Thr,Thr2.25,Thr0.75
2,57,Thr,Thr1,Thr0.75
2,57,Thr,Thr0.75,Thr2
2,57,Thr,Thr2.5,Thr0.5
2,57,Thr,Thr1.75,Thr2.5
2,57,Thr,Thr2.5,Thr0.75
2,57,Thr,Thr2,Thr2.5
2,57,Thr,Thr2.25,Thr2.5
2,57,Thr,Thr1.25,Thr2.5
2,57,Thr,Thr1,Thr2.5
2,57,Thr,Thr1.5,Thr2.5
2,57,Thr,Thr0.75,Thr0.5
2,57,Thr,Thr1.25,Thr0.75
2,57,Thr,Thr1,Thr0.5
2,57,Thr,Thr1.5,Thr0.5
2,57,Thr,Thr1.25,Thr2.5
2,57,Thr,Thr1.25,Thr1.5
2,57,Thr,Thr2.5,Thr0.5
2,57,Thr,Thr1.25,Thr1.75
2,57,Thr,Thr1.25,Thr2
2,57,Thr,Thr1.25,Thr1
2,57,Thr,Thr0.5,Thr2.25
2,57,Thr,Thr1.25,Thr2.25
2,57,Thr,Thr1.25,Thr0.5
2,57,Thr,Thr1.25,Thr0.5
2,57,Thr,Thr2,Thr0.5
2,57,Thr,Thr1.75,Thr0.5
2,57,Thr,Thr1.5,Thr0.5
2,57,Thr,Thr1.5,Thr0.75
2,57,Thr,Thr1.5,Thr2
2,57,Thr,Thr1.5,Thr2.25
2,57,Thr,Thr1.5,Thr1.75
2,57,Thr,Thr1.25,Thr1.5
2,57,Thr,Thr1.5,Thr1
2,57,Thr,Thr1.5,Thr2.5
2,57,Thr,Thr1.75,Thr0.75
2,57,Thr,Thr1.75,Thr2
2,57,Thr,Thr1.75,Thr2.5
2,57,Thr,Thr1.75,Thr0.5
2,57,Thr,Thr1.75,Thr1
2,57,Thr,Thr1.75,Thr2.25
2,57,Thr,Thr1.25,Thr1.75
2,57,Thr,Thr1.5,Thr1.75
2,57,Thr,Thr1.75,Thr1
2,57,Thr,Thr1,Thr2.25
2,57,Thr,Thr1,Thr0.5
2,57,Thr,Thr1,Thr2.5
2,57,Thr,Thr1.5,Thr1
2,57,Thr,Thr1,Thr2
2,57,Thr,Thr1.25,Thr1
2,57,Thr,Thr1,Thr0.75
2,57,Thr,Thr2.25,Thr2.5
2,57,Thr,Thr2.25,Thr0.5
2,57,Thr,Thr2,Thr2.25
2,57,Thr,Thr2.25,Thr1
2,57,Thr,Thr2.25,Thr0.75
2,57,Thr,Thr2.25,Thr1.75
2,57,Thr,Thr2.25,Thr1.25
2,57,Thr,Thr1.5,Thr2.25
2,57,Thr,Thr2,Thr0.5
2,57,Thr,Thr2,Thr2.5
2,57,Thr,Thr1.5,Thr2
2,57,Thr,Thr2.25,Thr2
2,57,Thr,Thr2,Thr1.25
2,57,Thr,Thr2,Thr0.75
2,57,Thr,Thr2,Thr1.75
2,57,Thr,Thr1,Thr2
3,15,Thr,Thr1.5,Thr2.25
3,15,Thr,Thr0.75,Thr2.25
3,15,Thr,Thr2,Thr2.25
3,15,Thr,Thr1.75,Thr2.25
3,15,Thr,Thr2.25,Thr2.5
3,15,Thr,Thr1.25,Thr2.25
3,15,Thr,Thr0.5,Thr2.25
3,15,Thr,Thr1,Thr2.25
3,15,Thr,Thr1.75,Thr2.5
3,15,Thr,Thr0.5,Thr2.5
3,15,Thr,Thr2.25,Thr2.5
3,15,Thr,Thr1,Thr2.5
3,15,Thr,Thr1.25,Thr2.5
3,15,Thr,Thr1.5,Thr2.5
3,15,Thr,Thr0.75,Thr2.5
3,15,Thr,Thr2,Thr2.5
3,15,Thr,Thr1.5,Thr1.25
3,15,Thr,Thr1.25,Thr0.75
3,15,Thr,Thr0.5,Thr2
3,15,Thr,Thr0.5,Thr2.25
3,15,Thr,Thr0.5,Thr1.75
3,15,Thr,Thr1.25,Thr1
3,15,Thr,Thr0.75,Thr0.5
3,15,Thr,Thr0.5,Thr1
3,15,Thr,Thr0.5,Thr1.25
3,15,Thr,Thr0.5,Thr2.5
3,15,Thr,Thr0.5,Thr1.5
3,15,Thr,Thr0.5,Thr1.25
3,15,Thr,Thr1.25,Thr2.5
3,15,Thr,Thr1.25,Thr1.75
3,15,Thr,Thr1.25,Thr2
3,15,Thr,Thr1.25,Thr2.25
3,15,Thr,Thr2,Thr2.25
3,15,Thr,Thr1.5,Thr2
3,15,Thr,Thr0.5,Thr2
3,15,Thr,Thr2,Thr2.5
3,15,Thr,Thr1.25,Thr2
3,15,Thr,Thr1,Thr2
3,15,Thr,Thr1.75,Thr2
3,15,Thr,Thr0.75,Thr2
3,15,Thr,Thr0.75,Thr1.25
3,15,Thr,Thr0.75,Thr0.5
3,15,Thr,Thr0.75,Thr2.5
3,15,Thr,Thr0.75,Thr1.75
3,15,Thr,Thr0.75,Thr2.25
3,15,Thr,Thr0.75,Thr2
3,15,Thr,Thr0.75,Thr1
3,15,Thr,Thr0.75,Thr1.5
3,15,Thr,Thr0.5,Thr1.5
3,15,Thr,Thr1.5,Thr2
3,15,Thr,Thr1.5,Thr2.5
3,15,Thr,Thr1,Thr1.5
3,15,Thr,Thr1.5,Thr2.25
3,15,Thr,Thr1.25,Thr1.5
3,15,Thr,Thr1.5,Thr1.75
3,15,Thr,Thr0.75,Thr1.5
3,15,Thr,Thr1.5,Thr1.75
3,15,Thr,Thr1.75,Thr2.5
3,15,Thr,Thr1.75,Thr2.25
3,15,Thr,Thr0.75,Thr1.75
3,15,Thr,Thr1.75,Thr2
3,15,Thr,Thr1.25,Thr1.75
3,15,Thr,Thr0.5,Thr1.75
3,15,Thr,Thr1,Thr1.75
3,15,Thr,Thr1,Thr1.5
3,15,Thr,Thr1,Thr0.5
3,15,Thr,Thr1,Thr2
3,15,Thr,Thr0.75,Thr1
3,15,Thr,Thr1,Thr1.25
3,15,Thr,Thr1,Thr1.75
3,15,Thr,Thr1,Thr2.25
3,15,Thr,Thr1,Thr2.5
3,16,Thr,Thr2.25,Thr2.5
3,16,Thr,Thr2.25,Thr1.75
3,16,Thr,Thr2.25,Thr0.75
3,16,Thr,Thr1.5,Thr2.25
3,16,Thr,Thr2.25,Thr0.5
3,16,Thr,Thr2.25,Thr1
3,16,Thr,Thr2,Thr2.25
3,16,Thr,Thr2.25,Thr1.25
3,16,Thr,Thr1.5,Thr1
3,16,Thr,Thr1.5,Thr1.75
3,16,Thr,Thr1.5,Thr0.75
3,16,Thr,Thr1.5,Thr2.5
3,16,Thr,Thr1.5,Thr2.25
3,16,Thr,Thr1.5,Thr1.25
3,16,Thr,Thr1.5,Thr0.5
3,16,Thr,Thr2,Thr1.5
3,16,Thr,Thr1.5,Thr0.75
3,16,Thr,Thr2,Thr0.75
3,16,Thr,Thr0.75,Thr0.5
3,16,Thr,Thr1.75,Thr0.75
3,16,Thr,Thr1.25,Thr0.75
3,16,Thr,Thr1,Thr0.75
3,16,Thr,Thr2.5,Thr0.75
3,16,Thr,Thr2.25,Thr0.75
3,16,Thr,Thr2.5,Thr0.5
3,16,Thr,Thr2.25,Thr2.5
3,16,Thr,Thr1.5,Thr2.5
3,16,Thr,Thr1.75,Thr2.5
3,16,Thr,Thr1.25,Thr2.5
3,16,Thr,Thr2.5,Thr0.75
3,16,Thr,Thr2.5,Thr1
3,16,Thr,Thr2,Thr2.5
3,16,Thr,Thr1.75,Thr0.75
3,16,Thr,Thr1.75,Thr1.25
3,16,Thr,Thr1.75,Thr1.5
3,16,Thr,Thr1.75,Thr2
3,16,Thr,Thr1.75,Thr0.5
3,16,Thr,Thr1.75,Thr2.5
3,16,Thr,Thr1.75,Thr2.25
3,16,Thr,Thr1.75,Thr1
3,16,Thr,Thr1.75,Thr2
3,16,Thr,Thr2,Thr1.5
3,16,Thr,Thr2,Thr0.75
3,16,Thr,Thr2,Thr2.5
3,16,Thr,Thr2,Thr1
3,16,Thr,Thr2,Thr2.25
3,16,Thr,Thr2,Thr0.5
3,16,Thr,Thr2,Thr1.25
3,16,Thr,Thr2,Thr0.5
3,16,Thr,Thr2.25,Thr1.25
3,16,Thr,Thr1.5,Thr0.5
3,16,Thr,Thr2.5,Thr1.25
3,16,Thr,Thr2.5,Thr0.5
3,16,Thr,Thr1.25,Thr1
3,16,Thr,Thr1.25,Thr0.5
3,16,Thr,Thr2.25,Thr0.5
3,16,Thr,Thr1.75,Thr0.5
3,16,Thr,Thr0.75,Thr0.5
3,16,Thr,Thr2,Thr1.25
3,16,Thr,Thr1.25,Thr0.5
3,16,Thr,Thr1.75,Thr1.25
3,16,Thr,Thr1,Thr0.5
3,16,Thr,Thr1.5,Thr1.25
3,16,Thr,Thr1.25,Thr0.75
3,16,Thr,Thr2.25,Thr1
3,16,Thr,Thr2,Thr1
3,16,Thr,Thr2.5,Thr1
3,16,Thr,Thr1.5,Thr1
3,16,Thr,Thr1.25,Thr1
3,16,Thr,Thr1,Thr0.75
3,16,Thr,Thr1.75,Thr1
3,16,Thr,Thr1,Thr0.5
3,37,Thr,Thr0.75,Thr0.5
3,37,Thr,Thr0.75,Thr2.5
3,37,Thr,Thr0.75,Thr2
3,37,Thr,Thr1.25,Thr0.75
3,37,Thr,Thr0.75,Thr1.75
3,37,Thr,Thr0.75,Thr2.25
3,37,Thr,Thr1,Thr0.75
3,37,Thr,Thr0.75,Thr1.5
3,37,Thr,Thr1.25,Thr2
3,37,Thr,Thr2,Thr2.5
3,37,Thr,Thr0.75,Thr2
3,37,Thr,Thr1,Thr2
3,37,Thr,Thr2,Thr2.25
3,37,Thr,Thr0.5,Thr2
3,37,Thr,Thr1.5,Thr2
3,37,Thr,Thr1.75,Thr2
3,37,Thr,Thr1.75,Thr2.25
3,37,Thr,Thr0.5,Thr1.75
3,37,Thr,Thr1.25,Thr1.75
3,37,Thr,Thr1.75,Thr2.5
3,37,Thr,Thr0.75,Thr1.75
3,37,Thr,Thr1,Thr1.75
3,37,Thr,Thr1.5,Thr1.75
3,37,Thr,Thr1.75,Thr2
3,37,Thr,Thr1.25,Thr1
3,37,Thr,Thr0.75,Thr1
3,37,Thr,Thr1.5,Thr1
3,37,Thr,Thr1.75,Thr1
3,37,Thr,Thr1,Thr2.5
3,37,Thr,Thr1,Thr2.25
3,37,Thr,Thr1,Thr2
3,37,Thr,Thr1,Thr0.5
3,37,Thr,Thr2.25,Thr2.5
3,37,Thr,Thr1,Thr2.25
3,37,Thr,Thr2.25,Thr0.75
3,37,Thr,Thr1.25,Thr2.25
3,37,Thr,Thr2,Thr2.25
3,37,Thr,Thr1.75,Thr2.25
3,37,Thr,Thr0.5,Thr2.25
3,37,Thr,Thr1.5,Thr2.25
3,37,Thr,Thr1.25,Thr2.5
3,37,Thr,Thr0.5,Thr2.5
3,37,Thr,Thr0.75,Thr2.5
3,37,Thr,Thr1.5,Thr2.5
3,37,Thr,Thr2.25,Thr2.5
3,37,Thr,Thr1.75,Thr2.5
3,37,Thr,Thr2,Thr2.5
3,37,Thr,Thr1,Thr2.5
3,37,Thr,Thr1,Thr0.5
3,37,Thr,Thr1.25,Thr1.75
3,37,Thr,Thr0.5,Thr2
3,37,Thr,Thr1.25,Thr2.25
3,37,Thr,Thr1,Thr1.25
3,37,Thr,Thr0.75,Thr0.5
3,37,Thr,Thr0.5,Thr1.25
3,37,Thr,Thr0.5,Thr2.5
3,37,Thr,Thr0.5,Thr1.5
3,37,Thr,Thr1.25,Thr1.5
3,37,Thr,Thr0.5,Thr1.75
3,37,Thr,Thr2.25,Thr0.5
3,37,Thr,Thr1.25,Thr2
3,37,Thr,Thr1.25,Thr2.5
3,37,Thr,Thr1.25,Thr0.5
3,37,Thr,Thr1.25,Thr0.75
3,37,Thr,Thr1.5,Thr2
3,37,Thr,Thr0.75,Thr1.5
3,37,Thr,Thr1.5,Thr2.25
3,37,Thr,Thr1.5,Thr2.5
3,37,Thr,Thr1.25,Thr1.5
3,37,Thr,Thr1.5,Thr0.5
3,37,Thr,Thr1,Thr1.5
3,37,Thr,Thr1.5,Thr1.75
3,43,Thr,Thr2.25,Thr2
3,43,Thr,Thr2.25,Thr2.5
3,43,Thr,Thr2.25,Thr0.5
3,43,Thr,Thr2.25,Thr1
3,43,Thr,Thr2.25,Thr1.5
3,43,Thr,Thr2.25,Thr1.75
3,43,Thr,Thr2.25,Thr0.75
3,43,Thr,Thr2.25,Thr1.25
3,43,Thr,Thr2.5,Thr1
3,43,Thr,Thr1,Thr1.25
3,43,Thr,Thr1,Thr0.5
3,43,Thr,Thr1,Thr0.75
3,43,Thr,Thr2.25,Thr1
3,43,Thr,Thr2,Thr1
3,43,Thr,Thr1.75,Thr1
3,43,Thr,Thr1.5,Thr1
3,43,Thr,Thr2.25,Thr1.75
3,43,Thr,Thr1.75,Thr1
3,43,Thr,Thr1.75,Thr0.5
3,43,Thr,Thr1.75,Thr1.25
3,43,Thr,Thr1.75,Thr0.75
3,43,Thr,Thr1.75,Thr1.5
3,43,Thr,Thr2,Thr1.75
3,43,Thr,Thr2.5,Thr1.75
3,43,Thr,Thr2.5,Thr1.5
3,43,Thr,Thr1,Thr1.5
3,43,Thr,Thr1.5,Thr0.5
3,43,Thr,Thr1.5,Thr0.75
3,43,Thr,Thr2,Thr1.5
3,43,Thr,Thr2.25,Thr1.5
3,43,Thr,Thr1.5,Thr1.25
3,43,Thr,Thr1.75,Thr1.5
3,43,Thr,Thr1.75,Thr1.25
3,43,Thr,Thr1.75,Thr0.5
3,43,Thr,Thr1.25,Thr0.5
3,43,Thr,Thr1.5,Thr0.5
3,43,Thr,Thr0.5,Thr0.75
3,43,Thr,Thr2.5,Thr0.5
3,43,Thr,Thr1,Thr0.5
3,43,Thr,Thr1.25,Thr0.5
3,43,Thr,Thr1.25,Thr1.5
3,43,Thr,Thr2,Thr0.5
3,43,Thr,Thr2.5,Thr1.25
3,43,Thr,Thr1.25,Thr0.75
3,43,Thr,Thr2.25,Thr1.25
3,43,Thr,Thr2.25,Thr0.5
3,43,Thr,Thr1.25,Thr1
3,43,Thr,Thr2,Thr1.25
3,43,Thr,Thr2.5,Thr2
3,43,Thr,Thr2,Thr0.75
3,43,Thr,Thr2,Thr0.5
3,43,Thr,Thr2,Thr1.25
3,43,Thr,Thr2,Thr1
3,43,Thr,Thr2.25,Thr2
3,43,Thr,Thr2,Thr1.5
3,43,Thr,Thr2,Thr1.75
3,43,Thr,Thr1.25,Thr0.75
3,43,Thr,Thr1,Thr0.75
3,43,Thr,Thr2,Thr0.75
3,43,Thr,Thr2.25,Thr0.75
3,43,Thr,Thr2.5,Thr0.75
3,43,Thr,Thr1.5,Thr0.75
3,43,Thr,Thr0.5,Thr0.75
3,43,Thr,Thr0.75,Thr1.75
3,43,Thr,Thr2.5,Thr2.25
3,43,Thr,Thr2.5,Thr1
3,43,Thr,Thr2.5,Thr0.5
3,43,Thr,Thr2.5,Thr1.25
3,43,Thr,Thr2.5,Thr1.5
3,43,Thr,Thr2.5,Thr2
3,43,Thr,Thr1.75,Thr2.5
3,43,Thr,Thr2.5,Thr0.75
3,44,Thr,Thr2.5,Thr0.75
3,44,Thr,Thr1.75,Thr0.75
3,44,Thr,Thr1.25,Thr0.75
3,44,Thr,Thr1.5,Thr0.75
3,44,Thr,Thr1,Thr0.75
3,44,Thr,Thr0.75,Thr0.5
3,44,Thr,Thr2,Thr0.75
3,44,Thr,Thr2.25,Thr0.75
3,44,Thr,Thr2.5,Thr2
3,44,Thr,Thr1.75,Thr2
3,44,Thr,Thr0.75,Thr2
3,44,Thr,Thr2,Thr1
3,44,Thr,Thr0.5,Thr2
3,44,Thr,Thr2,Thr2.25
3,44,Thr,Thr1.5,Thr2
3,44,Thr,Thr1.25,Thr2
3,44,Thr,Thr0.75,Thr0.5
3,44,Thr,Thr1.25,Thr1.5
3,44,Thr,Thr1.25,Thr0.5
3,44,Thr,Thr1,Thr0.5
3,44,Thr,Thr0.5,Thr2
3,44,Thr,Thr0.5,Thr2.25
3,44,Thr,Thr1.25,Thr2.25
3,44,Thr,Thr1.25,Thr2
3,44,Thr,Thr1.25,Thr1
3,44,Thr,Thr0.5,Thr2.5
3,44,Thr,Thr1.25,Thr1.75
3,44,Thr,Thr1.25,Thr2.5
3,44,Thr,Thr1.25,Thr0.5
3,44,Thr,Thr0.5,Thr1.75
3,44,Thr,Thr1.25,Thr0.75
3,44,Thr,Thr1.5,Thr0.5
3,44,Thr,Thr1.5,Thr2.5
3,44,Thr,Thr2.5,Thr0.5
3,44,Thr,Thr0.75,Thr2.5
3,44,Thr,Thr1.25,Thr2.5
3,44,Thr,Thr2,Thr2.5
3,44,Thr,Thr1.75,Thr2.5
3,44,Thr,Thr2.25,Thr2.5
3,44,Thr,Thr1,Thr2.5
3,44,Thr,Thr1,Thr2.25
3,44,Thr,Thr1.5,Thr2.25
3,44,Thr,Thr0.75,Thr2.25
3,44,Thr,Thr1.75,Thr2.25
3,44,Thr,Thr2.25,Thr2.5
3,44,Thr,Thr2,Thr2.25
3,44,Thr,Thr0.5,Thr2.25
3,44,Thr,Thr1.25,Thr2.25
3,44,Thr,Thr1.5,Thr2.5
3,44,Thr,Thr1.5,Thr0.75
3,44,Thr,Thr1.5,Thr1.75
3,44,Thr,Thr1.5,Thr0.5
3,44,Thr,Thr1.5,Thr2
3,44,Thr,Thr1.5,Thr2.25
3,44,Thr,Thr1.25,Thr1.5
3,44,Thr,Thr1,Thr1.5
3,44,Thr,Thr2,Thr1.75
3,44,Thr,Thr1.75,Thr2.25
3,44,Thr,Thr1,Thr1.75
3,44,Thr,Thr1.25,Thr1.75
3,44,Thr,Thr1.5,Thr1.75
3,44,Thr,Thr1.75,Thr2.5
3,44,Thr,Thr0.75,Thr1.75
3,44,Thr,Thr1.75,Thr0.5
3,44,Thr,Thr1,Thr1.75
3,44,Thr,Thr1,Thr0.75
3,44,Thr,Thr1,Thr1.25
3,44,Thr,Thr1,Thr2
3,44,Thr,Thr1,Thr2.25
3,44,Thr,Thr1,Thr2.5
3,44,Thr,Thr1,Thr1.5
3,44,Thr,Thr1,Thr0.5
3,46,Thr,Thr1.75,Thr1
3,46,Thr,Thr1.75,Thr1.5
3,46,Thr,Thr1.75,Thr0.75
3,46,Thr,Thr1.75,Thr0.5
3,46,Thr,Thr1.75,Thr1.25
3,46,Thr,Thr2.5,Thr1.75
3,46,Thr,Thr2.25,Thr1.75
3,46,Thr,Thr1.75,Thr2
3,46,Thr,Thr2.25,Thr1.5
3,46,Thr,Thr1.5,Thr1.75
3,46,Thr,Thr1.5,Thr0.75
3,46,Thr,Thr1.5,Thr2.5
3,46,Thr,Thr2,Thr1.5
3,46,Thr,Thr1.5,Thr1
3,46,Thr,Thr1.5,Thr0.5
3,46,Thr,Thr1.5,Thr1.25
3,46,Thr,Thr1.25,Thr1
3,46,Thr,Thr1.25,Thr0.5
3,46,Thr,Thr1.75,Thr0.5
3,46,Thr,Thr1.25,Thr1.5
3,46,Thr,Thr1.25,Thr0.75
3,46,Thr,Thr1.25,Thr0.5
3,46,Thr,Thr2.5,Thr0.5
3,46,Thr,Thr2.25,Thr0.5
3,46,Thr,Thr1.25,Thr2.25
3,46,Thr,Thr2,Thr0.5
3,46,Thr,Thr1.75,Thr1.25
3,46,Thr,Thr1,Thr0.5
3,46,Thr,Thr1.5,Thr0.5
3,46,Thr,Thr1.25,Thr2.5
3,46,Thr,Thr0.75,Thr0.5
3,46,Thr,Thr1.25,Thr2
3,46,Thr,Thr2.5,Thr0.5
3,46,Thr,Thr2.5,Thr1
3,46,Thr,Thr2.5,Thr0.75
3,46,Thr,Thr1.25,Thr2.5
3,46,Thr,Thr2.5,Thr2.25
3,46,Thr,Thr2.5,Thr2
3,46,Thr,Thr1.5,Thr2.5
3,46,Thr,Thr1.75,Thr2.5
3,46,Thr,Thr2.25,Thr0.75
3,46,Thr,Thr0.75,Thr0.5
3,46,Thr,Thr1.75,Thr0.75
3,46,Thr,Thr1,Thr0.75
3,46,Thr,Thr1.25,Thr0.75
3,46,Thr,Thr2.5,Thr0.75
3,46,Thr,Thr2,Thr0.75
3,46,Thr,Thr1.5,Thr0.75
3,46,Thr,Thr1.5,Thr1
3,46,Thr,Thr1,Thr2.25
3,46,Thr,Thr1,Thr2.5
3,46,Thr,Thr1,Thr0.5
3,46,Thr,Thr1.25,Thr1
3,46,Thr,Thr1,Thr1.75
3,46,Thr,Thr1,Thr0.75
3,46,Thr,Thr2,Thr1
3,46,Thr,Thr2,Thr2.25
3,46,Thr,Thr1.5,Thr2.25
3,46,Thr,Thr2.25,Thr1.75
3,46,Thr,Thr2.25,Thr0.5
3,46,Thr,Thr1.25,Thr2.25
3,46,Thr,Thr2.25,Thr2.5
3,46,Thr,Thr1,Thr2.25
3,46,Thr,Thr2.25,Thr0.75
3,46,Thr,Thr2,Thr0.75
3,46,Thr,Thr2,Thr2.5
3,46,Thr,Thr2,Thr0.5
3,46,Thr,Thr1,Thr2
3,46,Thr,Thr2,Thr1.75
3,46,Thr,Thr1.5,Thr2
3,46,Thr,Thr1.25,Thr2
3,46,Thr,Thr2,Thr2.25
3,49,Thr,Thr1.75,Thr0.5
3,49,Thr,Thr1.25,Thr0.75
3,49,Thr,Thr1.25,Thr2.5
3,49,Thr,Thr1.25,Thr2.25
3,49,Thr,Thr2,Thr0.5
3,49,Thr,Thr1,Thr0.5
3,49,Thr,Thr1.75,Thr1.25
3,49,Thr,Thr0.5,Thr2.5
3,49,Thr,Thr1.25,Thr2
3,49,Thr,Thr0.5,Thr1.5
3,49,Thr,Thr0.5,Thr2.25
3,49,Thr,Thr1.25,Thr0.5
3,49,Thr,Thr1.25,Thr0.5
3,49,Thr,Thr1.25,Thr1
3,49,Thr,Thr1.5,Thr1.25
3,49,Thr,Thr0.75,Thr0.5
3,49,Thr,Thr2,Thr2.25
3,49,Thr,Thr0.5,Thr2
3,49,Thr,Thr1.5,Thr2
3,49,Thr,Thr2,Thr2.5
3,49,Thr,Thr1.25,Thr2
3,49,Thr,Thr1,Thr2
3,49,Thr,Thr0.75,Thr2
3,49,Thr,Thr1.75,Thr2
3,49,Thr,Thr1.75,Thr0.5
3,49,Thr,Thr1.75,Thr2.5
3,49,Thr,Thr1.75,Thr2
3,49,Thr,Thr1.5,Thr1.75
3,49,Thr,Thr1.25,Thr1.75
3,49,Thr,Thr1.75,Thr2.25
3,49,Thr,Thr0.75,Thr1.75
3,49,Thr,Thr1.75,Thr1
3,49,Thr,Thr1.25,Thr1.5
3,49,Thr,Thr1.5,Thr1
3,49,Thr,Thr1.5,Thr1.75
3,49,Thr,Thr1.5,Thr2
3,49,Thr,Thr0.5,Thr1.5
3,49,Thr,Thr1.5,Thr2.25
3,49,Thr,Thr1.5,Thr2.5
3,49,Thr,Thr1.5,Thr0.75
3,49,Thr,Thr1.25,Thr0.75
3,49,Thr,Thr0.75,Thr0.5
3,49,Thr,Thr2.25,Thr0.75
3,49,Thr,Thr0.75,Thr2
3,49,Thr,Thr1,Thr0.75
3,49,Thr,Thr1.75,Thr0.75
3,49,Thr,Thr0.75,Thr1.5
3,49,Thr,Thr0.75,Thr2.5
3,49,Thr,Thr1,Thr2.5
3,49,Thr,Thr2,Thr2.5
3,49,Thr,Thr1.5,Thr2.5
3,49,Thr,Thr1.25,Thr2.5
3,49,Thr,Thr2.5,Thr1.75
3,49,Thr,Thr2.25,Thr2.5
3,49,Thr,Thr0.75,Thr2.5
3,49,Thr,Thr0.5,Thr2.5
3,49,Thr,Thr2.25,Thr1.5
3,49,Thr,Thr2.5,Thr2.25
3,49,Thr,Thr1,Thr2.25
3,49,Thr,Thr0.75,Thr2.25
3,49,Thr,Thr1.75,Thr2.25
3,49,Thr,Thr2,Thr2.25
3,49,Thr,Thr2.25,Thr1.25
3,49,Thr,Thr2.25,Thr0.5
3,49,Thr,Thr1.75,Thr1
3,49,Thr,Thr0.75,Thr1
3,49,Thr,Thr1.5,Thr1
3,49,Thr,Thr1,Thr1.25
3,49,Thr,Thr2,Thr1
3,49,Thr,Thr1,Thr2.25
3,49,Thr,Thr1,Thr2.5
3,49,Thr,Thr0.5,Thr1
3,50,Thr,Thr1.75,Thr2.25
3,50,Thr,Thr2,Thr2.25
3,50,Thr,Thr0.75,Thr2.25
3,50,Thr,Thr2.25,Thr2.5
3,50,Thr,Thr1.25,Thr2.25
3,50,Thr,Thr1,Thr2.25
3,50,Thr,Thr0.5,Thr2.25
3,50,Thr,Thr1.5,Thr2.25
3,50,Thr,Thr0.5,Thr2
3,50,Thr,Thr2,Thr2.25
3,50,Thr,Thr2,Thr2.5
3,50,Thr,Thr1.75,Thr2
3,50,Thr,Thr0.75,Thr2
3,50,Thr,Thr1.25,Thr2
3,50,Thr,Thr1,Thr2
3,50,Thr,Thr1.5,Thr2
3,50,Thr,Thr0.75,Thr1.25
3,50,Thr,Thr0.5,Thr0.75
3,50,Thr,Thr0.5,Thr1.75
3,50,Thr,Thr0.5,Thr2.25
3,50,Thr,Thr1.25,Thr1.5
3,50,Thr,Thr0.5,Thr2
3,50,Thr,Thr0.5,Thr1
3,50,Thr,Thr1.25,Thr1.75
3,50,Thr,Thr1.25,Thr2.25
3,50,Thr,Thr0.5,Thr2.5
3,50,Thr,Thr0.5,Thr1.25
3,50,Thr,Thr0.5,Thr1.25
3,50,Thr,Thr0.5,Thr1.5
3,50,Thr,Thr1.25,Thr2
3,50,Thr,Thr1,Thr1.25
3,50,Thr,Thr1.25,Thr2.5
3,50,Thr,Thr1,Thr1.5
3,50,Thr,Thr1.5,Thr2
3,50,Thr,Thr1.5,Thr1.75
3,50,Thr,Thr1.25,Thr1.5
3,50,Thr,Thr0.75,Thr1.5
3,50,Thr,Thr1.5,Thr2.25
3,50,Thr,Thr1.5,Thr2.5
3,50,Thr,Thr0.5,Thr1.5
3,50,Thr,Thr0.75,Thr2
3,50,Thr,Thr0.75,Thr1.25
3,50,Thr,Thr0.75,Thr1
3,50,Thr,Thr0.75,Thr1.75
3,50,Thr,Thr0.75,Thr2.5
3,50,Thr,Thr0.75,Thr1.5
3,50,Thr,Thr0.75,Thr2.25
3,50,Thr,Thr0.75,Thr0.5
3,50,Thr,Thr1,Thr2
3,50,Thr,Thr1,Thr0.75
3,50,Thr,Thr1,Thr1.25
3,50,Thr,Thr1,Thr1.5
3,50,Thr,Thr1,Thr2.25
3,50,Thr,Thr1,Thr1.75
3,50,Thr,Thr0.5,Thr1
3,50,Thr,Thr1,Thr2.5
3,50,Thr,Thr1.75,Thr2.25
3,50,Thr,Thr1.75,Thr1.5
3,50,Thr,Thr1.75,Thr1.25
3,50,Thr,Thr1.75,Thr2
3,50,Thr,Thr1.75,Thr2.5
3,50,Thr,Thr1.75,Thr0.75
3,50,Thr,Thr1.75,Thr1
3,50,Thr,Thr0.5,Thr1.75
3,50,Thr,Thr1.25,Thr2.5
3,50,Thr,Thr2.5,Thr0.5
3,50,Thr,Thr2.5,Thr0.75
3,50,Thr,Thr1.5,Thr2.5
3,50,Thr,Thr1,Thr2.5
3,50,Thr,Thr2.5,Thr2.25
3,50,Thr,Thr1.75,Thr2.5
3,50,Thr,Thr2,Thr2.5
3,56,Thr,Thr2.5,Thr2.25
3,56,Thr,Thr2.25,Thr0.75
3,56,Thr,Thr2.25,Thr1.5
3,56,Thr,Thr2.25,Thr2
3,56,Thr,Thr2.25,Thr1.75
3,56,Thr,Thr2.25,Thr1.25
3,56,Thr,Thr2.25,Thr0.5
3,56,Thr,Thr2.25,Thr1
3,56,Thr,Thr2,Thr1.75
3,56,Thr,Thr2.5,Thr2
3,56,Thr,Thr2,Thr0.75
3,56,Thr,Thr2.25,Thr2
3,56,Thr,Thr2,Thr0.5
3,56,Thr,Thr2,Thr1.25
3,56,Thr,Thr2,Thr1.5
3,56,Thr,Thr2,Thr1
3,56,Thr,Thr2.25,Thr1.75
3,56,Thr,Thr1.75,Thr0.75
3,56,Thr,Thr2.5,Thr1.75
3,56,Thr,Thr2,Thr1.75
3,56,Thr,Thr1.75,Thr0.5
3,56,Thr,Thr1.75,Thr1
3,56,Thr,Thr1.75,Thr1.25
3,56,Thr,Thr1.75,Thr1.5
3,56,Thr,Thr2,Thr1.5
3,56,Thr,Thr1.5,Thr1
3,56,Thr,Thr1.5,Thr1.25
3,56,Thr,Thr2.5,Thr1.5
3,56,Thr,Thr1.75,Thr1.5
3,56,Thr,Thr1.5,Thr0.5
3,56,Thr,Thr2.25,Thr1.5
3,56,Thr,Thr1.5,Thr0.75
3,56,Thr,Thr2.5,Thr0.5
3,56,Thr,Thr1.5,Thr1.25
3,56,Thr,Thr2.25,Thr1.25
3,56,Thr,Thr0.75,Thr0.5
3,56,Thr,Thr0.5,Thr1
3,56,Thr,Thr0.5,Thr1.25
3,56,Thr,Thr2.25,Thr0.5
3,56,Thr,Thr1.75,Thr1.25
3,56,Thr,Thr2.5,Thr1.25
3,56,Thr,Thr2,Thr0.5
3,56,Thr,Thr1.25,Thr0.5
3,56,Thr,Thr2,Thr1.25
3,56,Thr,Thr1.25,Thr1
3,56,Thr,Thr1.75,Thr0.5
3,56,Thr,Thr0.5,Thr1.5
3,56,Thr,Thr0.75,Thr1.25
3,56,Thr,Thr2.25,Thr1
3,56,Thr,Thr1.25,Thr1
3,56,Thr,Thr1,Thr0.75
3,56,Thr,Thr2.5,Thr1
3,56,Thr,Thr1.75,Thr1
3,56,Thr,Thr1.5,Thr1
3,56,Thr,Thr0.5,Thr1
3,56,Thr,Thr2,Thr1
3,56,Thr,Thr2.25,Thr0.75
3,56,Thr,Thr1,Thr0.75
3,56,Thr,Thr1.5,Thr0.75
3,56,Thr,Thr0.5,Thr0.75
3,56,Thr,Thr1.75,Thr0.75
3,56,Thr,Thr2,Thr0.75
3,56,Thr,Thr1.25,Thr0.75
3,56,Thr,Thr2.5,Thr0.75
3,56,Thr,Thr2.5,Thr1
3,56,Thr,Thr2.5,Thr0.5
3,56,Thr,Thr2.5,Thr2
3,56,Thr,Thr2.5,Thr1.25
3,56,Thr,Thr2.5,Thr1.75
3,56,Thr,Thr2.5,Thr2.25
3,56,Thr,Thr2.5,Thr1.5
3,56,Thr,Thr2.5,Thr0.75
4,4,Thr,Thr2.25,Thr0.75
4,4,Thr,Thr2.5,Thr0.75
4,4,Thr,Thr0.5,Thr0.75
4,4,Thr,Thr1.75,Thr0.75
4,4,Thr,Thr1.25,Thr0.75
4,4,Thr,Thr0.75,Thr1
4,4,Thr,Thr2,Thr0.75
4,4,Thr,Thr1.5,Thr0.75
4,4,Thr,Thr2.5,Thr1.5
4,4,Thr,Thr2.25,Thr2.5
4,4,Thr,Thr2.5,Thr1.75
4,4,Thr,Thr2.5,Thr0.75
4,4,Thr,Thr2.5,Thr0.5
4,4,Thr,Thr2.5,Thr1
4,4,Thr,Thr2.5,Thr1.25
4,4,Thr,Thr2.5,Thr2
4,4,Thr,Thr2.25,Thr1
4,4,Thr,Thr2.25,Thr1.25
4,4,Thr,Thr2.5,Thr2.25
4,4,Thr,Thr2.25,Thr0.5
4,4,Thr,Thr2.25,Thr0.75
4,4,Thr,Thr2.25,Thr1.5
4,4,Thr,Thr2.25,Thr2
4,4,Thr,Thr2.25,Thr1.75
4,4,Thr,Thr2,Thr1.5
4,4,Thr,Thr2,Thr0.5
4,4,Thr,Thr2.25,Thr2
4,4,Thr,Thr2,Thr1.75
4,4,Thr,Thr2.5,Thr2
4,4,Thr,Thr2,Thr0.75
4,4,Thr,Thr2,Thr1
4,4,Thr,Thr2,Thr1.25
4,4,Thr,Thr2.5,Thr1.75
4,4,Thr,Thr1.75,Thr1.25
4,4,Thr,Thr0.5,Thr1.75
4,4,Thr,Thr1.75,Thr1.5
4,4,Thr,Thr1.75,Thr1
4,4,Thr,Thr1.75,Thr0.75
4,4,Thr,Thr2,Thr1.75
4,4,Thr,Thr2.25,Thr1.75
4,4,Thr,Thr1.5,Thr1
4,4,Thr,Thr2.25,Thr1.5
4,4,Thr,Thr2.5,Thr1.5
4,4,Thr,Thr2,Thr1.5
4,4,Thr,Thr1.25,Thr1.5
4,4,Thr,Thr1.5,Thr0.5
4,4,Thr,Thr1.75,Thr1.5
4,4,Thr,Thr1.5,Thr0.75
4,4,Thr,Thr2.5,Thr1.25
4,4,Thr,Thr1.25,Thr0.75
4,4,Thr,Thr2.25,Thr1.25
4,4,Thr,Thr2.5,Thr0.5
4,4,Thr,Thr1.5,Thr0.5
4,4,Thr,Thr0.75,Thr0.5
4,4,Thr,Thr1.25,Thr0.5
4,4,Thr,Thr1.75,Thr0.5
4,4,Thr,Thr1.25,Thr0.5
4,4,Thr,Thr1.5,Thr1.25
4,4,Thr,Thr2.25,Thr0.5
4,4,Thr,Thr1.75,Thr1.25
4,4,Thr,Thr1.25,Thr1
4,4,Thr,Thr1,Thr0.5
4,4,Thr,Thr2,Thr1.25
4,4,Thr,Thr2,Thr0.5
4,4,Thr,Thr1.25,Thr1
4,4,Thr,Thr1.75,Thr1
4,4,Thr,Thr2.5,Thr1
4,4,Thr,Thr1,Thr0.75
4,4,Thr,Thr2,Thr1
4,4,Thr,Thr1,Thr0.5
4,4,Thr,Thr2.25,Thr1
4,4,Thr,Thr1.5,Thr1
4,13,Thr,Thr0.75,Thr2.25
4,13,Thr,Thr0.75,Thr2.5
4,13,Thr,Thr0.75,Thr1.5
4,13,Thr,Thr0.75,Thr1.25
4,13,Thr,Thr0.5,Thr0.75
4,13,Thr,Thr1,Thr0.75
4,13,Thr,Thr0.75,Thr2
4,13,Thr,Thr0.75,Thr1.75
4,13,Thr,Thr1,Thr1.5
4,13,Thr,Thr1.5,Thr2.25
4,13,Thr,Thr1.5,Thr1.75
4,13,Thr,Thr0.5,Thr1.5
4,13,Thr,Thr1.25,Thr1.5
4,13,Thr,Thr1.5,Thr2
4,13,Thr,Thr0.75,Thr1.5
4,13,Thr,Thr1.5,Thr2.5
4,13,Thr,Thr1,Thr2.25
4,13,Thr,Thr1.5,Thr2.25
4,13,Thr,Thr2.25,Thr2.5
4,13,Thr,Thr1.25,Thr2.25
4,13,Thr,Thr1.75,Thr2.25
4,13,Thr,Thr0.75,Thr2.25
4,13,Thr,Thr2,Thr2.25
4,13,Thr,Thr0.5,Thr2.25
4,13,Thr,Thr2.25,Thr2.5
4,13,Thr,Thr0.5,Thr2.5
4,13,Thr,Thr1.75,Thr2.5
4,13,Thr,Thr2,Thr2.5
4,13,Thr,Thr1.5,Thr2.5
4,13,Thr,Thr0.75,Thr2.5
4,13,Thr,Thr1,Thr2.5
4,13,Thr,Thr1.25,Thr2.5
4,13,Thr,Thr1.25,Thr1.5
4,13,Thr,Thr1,Thr0.5
4,13,Thr,Thr1.25,Thr2.5
4,13,Thr,Thr1.25,Thr0.5
4,13,Thr,Thr0.5,Thr2.5
4,13,Thr,Thr0.5,Thr1.5
4,13,Thr,Thr1.25,Thr1.75
4,13,Thr,Thr1.25,Thr0.75
4,13,Thr,Thr1.25,Thr2.25
4,13,Thr,Thr1.25,Thr2
4,13,Thr,Thr1,Thr1.25
4,13,Thr,Thr0.75,Thr0.5
4,13,Thr,Thr0.5,Thr1.75
4,13,Thr,Thr0.5,Thr2.25
4,13,Thr,Thr0.5,Thr2
4,13,Thr,Thr0.5,Thr1.25
4,13,Thr,Thr0.5,Thr2
4,13,Thr,Thr1.5,Thr2
4,13,Thr,Thr1.25,Thr2
4,13,Thr,Thr2,Thr2.5
4,13,Thr,Thr1,Thr2
4,13,Thr,Thr0.75,Thr2
4,13,Thr,Thr1.75,Thr2
4,13,Thr,Thr2,Thr2.25
4,13,Thr,Thr1,Thr1.75
4,13,Thr,Thr0.75,Thr1.75
4,13,Thr,Thr1.75,Thr2
4,13,Thr,Thr0.5,Thr1.75
4,13,Thr,Thr1.75,Thr2.25
4,13,Thr,Thr1.25,Thr1.75
4,13,Thr,Thr1.75,Thr2.5
4,13,Thr,Thr1.5,Thr1.75
4,13,Thr,Thr1,Thr0.5
4,13,Thr,Thr1.25,Thr1
4,13,Thr,Thr1,Thr1.75
4,13,Thr,Thr1,Thr2.25
4,13,Thr,Thr1,Thr0.75
4,13,Thr,Thr1,Thr1.5
4,13,Thr,Thr1,Thr2.5
4,13,Thr,Thr1,Thr2
4,60,Thr,Thr0.75,Thr2.25
4,60,Thr,Thr0.75,Thr2.5
4,60,Thr,Thr0.75,Thr1.5
4,60,Thr,Thr0.75,Thr1.25
4,60,Thr,Thr0.5,Thr0.75
4,60,Thr,Thr1,Thr0.75
4,60,Thr,Thr0.75,Thr2
4,60,Thr,Thr0.75,Thr1.75
4,60,Thr,Thr1,Thr1.5
4,60,Thr,Thr1.5,Thr2.25
4,60,Thr,Thr1.5,Thr1.75
4,60,Thr,Thr0.5,Thr1.5
4,60,Thr,Thr1.25,Thr1.5
4,60,Thr,Thr1.5,Thr2
4,60,Thr,Thr0.75,Thr1.5
4,60,Thr,Thr1.5,Thr2.5
4,60,Thr,Thr1,Thr2.25
4,60,Thr,Thr1.5,Thr2.25
4,60,Thr,Thr2.25,Thr2.5
4,60,Thr,Thr1.25,Thr2.25
4,60,Thr,Thr1.75,Thr2.25
4,60,Thr,Thr0.75,Thr2.25
4,60,Thr,Thr2,Thr2.25
4,60,Thr,Thr0.5,Thr2.25
4,60,Thr,Thr2.25,Thr2.5
4,60,Thr,Thr0.5,Thr2.5
4,60,Thr,Thr1.75,Thr2.5
4,60,Thr,Thr2,Thr2.5
4,60,Thr,Thr1.5,Thr2.5
4,60,Thr,Thr0.75,Thr2.5
4,60,Thr,Thr1,Thr2.5
4,60,Thr,Thr1.25,Thr2.5
4,60,Thr,Thr1.25,Thr1.5
4,60,Thr,Thr1,Thr0.5
4,60,Thr,Thr1.25,Thr2.5
4,60,Thr,Thr1.25,Thr0.5
4,60,Thr,Thr0.5,Thr2.5
4,60,Thr,Thr0.5,Thr1.5
4,60,Thr,Thr1.25,Thr1.75
4,60,Thr,Thr1.25,Thr0.75
4,60,Thr,Thr1.25,Thr2.25
4,60,Thr,Thr1.25,Thr2
4,60,Thr,Thr1,Thr1.25
4,60,Thr,Thr0.75,Thr0.5
4,60,Thr,Thr0.5,Thr1.75
4,60,Thr,Thr0.5,Thr2.25
4,60,Thr,Thr0.5,Thr2
4,60,Thr,Thr0.5,Thr1.25
4,60,Thr,Thr0.5,Thr2
4,60,Thr,Thr1.5,Thr2
4,60,Thr,Thr1.25,Thr2
4,60,Thr,Thr2,Thr2.5
4,60,Thr,Thr1,Thr2
4,60,Thr,Thr0.75,Thr2
4,60,Thr,Thr1.75,Thr2
4,60,Thr,Thr2,Thr2.25
4,60,Thr,Thr1,Thr1.75
4,60,Thr,Thr0.75,Thr1.75
4,60,Thr,Thr1.75,Thr2
4,60,Thr,Thr0.5,Thr1.75
4,60,Thr,Thr1.75,Thr2.25
4,60,Thr,Thr1.25,Thr1.75
4,60,Thr,Thr1.75,Thr2.5
4,60,Thr,Thr1.5,Thr1.75
4,60,Thr,Thr1,Thr0.5
4,60,Thr,Thr1.25,Thr1
4,60,Thr,Thr1,Thr1.75
4,60,Thr,Thr1,Thr2.25
4,60,Thr,Thr1,Thr0.75
4,60,Thr,Thr1,Thr1.5
4,60,Thr,Thr1,Thr2.5
4,60,Thr,Thr1,Thr2
4,20,Thr,Thr0.75,Thr0.5
4,20,Thr,Thr0.75,Thr1.25
4,20,Thr,Thr0.75,Thr1.75
4,20,Thr,Thr0.75,Thr2.5
4,20,Thr,Thr1,Thr0.75
4,20,Thr,Thr0.75,Thr2
4,20,Thr,Thr0.75,Thr2.25
4,20,Thr,Thr0.75,Thr1.5
4,20,Thr,Thr2,Thr1.5
4,20,Thr,Thr1.5,Thr1.75
4,20,Thr,Thr1.5,Thr1
4,20,Thr,Thr1.5,Thr2.5
4,20,Thr,Thr1.5,Thr0.5
4,20,Thr,Thr1.5,Thr1.25
4,20,Thr,Thr1.5,Thr2.25
4,20,Thr,Thr0.75,Thr1.5
4,20,Thr,Thr1.25,Thr1
4,20,Thr,Thr0.5,Thr2
4,20,Thr,Thr1.25,Thr0.5
4,20,Thr,Thr0.5,Thr2.5
4,20,Thr,Thr0.5,Thr1
4,20,Thr,Thr0.5,Thr1.75
4,20,Thr,Thr1.25,Thr0.5
4,20,Thr,Thr0.5,Thr2.25
4,20,Thr,Thr0.5,Thr1.5
4,20,Thr,Thr1.25,Thr1.75
4,20,Thr,Thr0.75,Thr0.5
4,20,Thr,Thr0.75,Thr1.25
4,20,Thr,Thr1.25,Thr2.25
4,20,Thr,Thr1.25,Thr2
4,20,Thr,Thr1.25,Thr2.5
4,20,Thr,Thr1.5,Thr1.25
4,20,Thr,Thr1.5,Thr1
4,20,Thr,Thr1,Thr1.25
4,20,Thr,Thr1,Thr0.75
4,20,Thr,Thr1,Thr2
4,20,Thr,Thr1,Thr2.25
4,20,Thr,Thr1,Thr0.5
4,20,Thr,Thr1,Thr2.5
4,20,Thr,Thr1,Thr1.75
4,20,Thr,Thr2,Thr1.75
4,20,Thr,Thr1.75,Thr0.5
4,20,Thr,Thr1.25,Thr1.75
4,20,Thr,Thr1.75,Thr2.25
4,20,Thr,Thr1.75,Thr2.5
4,20,Thr,Thr1.5,Thr1.75
4,20,Thr,Thr0.75,Thr1.75
4,20,Thr,Thr1,Thr1.75
4,20,Thr,Thr1.25,Thr2.5
4,20,Thr,Thr1,Thr2.5
4,20,Thr,Thr1.5,Thr2.5
4,20,Thr,Thr2,Thr2.5
4,20,Thr,Thr0.5,Thr2.5
4,20,Thr,Thr0.75,Thr2.5
4,20,Thr,Thr2.5,Thr2.25
4,20,Thr,Thr1.75,Thr2.5
4,20,Thr,Thr1,Thr2.25
4,20,Thr,Thr2.25,Thr2
4,20,Thr,Thr2.5,Thr2.25
4,20,Thr,Thr1.75,Thr2.25
4,20,Thr,Thr1.25,Thr2.25
4,20,Thr,Thr0.75,Thr2.25
4,20,Thr,Thr0.5,Thr2.25
4,20,Thr,Thr1.5,Thr2.25
4,20,Thr,Thr1.75,Thr2
4,20,Thr,Thr2.25,Thr2
4,20,Thr,Thr0.5,Thr2
4,20,Thr,Thr1.25,Thr2
4,20,Thr,Thr2,Thr2.5
4,20,Thr,Thr0.75,Thr2
4,20,Thr,Thr1.5,Thr2
4,20,Thr,Thr1,Thr2
4,23,Thr,Thr0.75,Thr1.5
4,23,Thr,Thr0.75,Thr2
4,23,Thr,Thr0.75,Thr1
4,23,Thr,Thr0.5,Thr0.75
4,23,Thr,Thr0.75,Thr2.25
4,23,Thr,Thr0.75,Thr1.25
4,23,Thr,Thr0.75,Thr1.75
4,23,Thr,Thr0.75,Thr2.5
4,23,Thr,Thr1,Thr2.5
4,23,Thr,Thr1,Thr2
4,23,Thr,Thr1.75,Thr1
4,23,Thr,Thr1,Thr1.25
4,23,Thr,Thr1.5,Thr1
4,23,Thr,Thr1,Thr2.25
4,23,Thr,Thr1,Thr0.75
4,23,Thr,Thr0.5,Thr1
4,23,Thr,Thr0.75,Thr0.5
4,23,Thr,Thr1,Thr0.5
4,23,Thr,Thr1.25,Thr0.5
4,23,Thr,Thr1.75,Thr1.25
4,23,Thr,Thr0.5,Thr1.25
4,23,Thr,Thr2,Thr0.5
4,23,Thr,Thr1.5,Thr1.25
4,23,Thr,Thr0.5,Thr2.25
4,23,Thr,Thr1.25,Thr0.75
4,23,Thr,Thr0.5,Thr2.5
4,23,Thr,Thr1.25,Thr2.25
4,23,Thr,Thr1.5,Thr0.5
4,23,Thr,Thr1.75,Thr0.5
4,23,Thr,Thr1.25,Thr1
4,23,Thr,Thr1.25,Thr2.5
4,23,Thr,Thr1.25,Thr2
4,23,Thr,Thr1.75,Thr1.5
4,23,Thr,Thr1.5,Thr1
4,23,Thr,Thr1.5,Thr0.75
4,23,Thr,Thr1.5,Thr2
4,23,Thr,Thr1.5,Thr0.5
4,23,Thr,Thr1.5,Thr1.25
4,23,Thr,Thr1.5,Thr2.5
4,23,Thr,Thr2.25,Thr1.5
4,23,Thr,Thr2.25,Thr1.25
4,23,Thr,Thr2.25,Thr0.5
4,23,Thr,Thr1.5,Thr2.25
4,23,Thr,Thr2.5,Thr2.25
4,23,Thr,Thr1,Thr2.25
4,23,Thr,Thr0.75,Thr2.25
4,23,Thr,Thr2.25,Thr2
4,23,Thr,Thr2.25,Thr1.75
4,23,Thr,Thr2,Thr0.5
4,23,Thr,Thr2.25,Thr2
4,23,Thr,Thr2,Thr1.75
4,23,Thr,Thr2,Thr0.75
4,23,Thr,Thr2,Thr2.5
4,23,Thr,Thr2,Thr1.25
4,23,Thr,Thr2,Thr1
4,23,Thr,Thr2,Thr1.5
4,23,Thr,Thr2.25,Thr1.75
4,23,Thr,Thr1.75,Thr1.25
4,23,Thr,Thr1.75,Thr0.75
4,23,Thr,Thr1.75,Thr1
4,23,Thr,Thr1.75,Thr1.5
4,23,Thr,Thr2.5,Thr1.75
4,23,Thr,Thr2,Thr1.75
4,23,Thr,Thr1.75,Thr0.5
4,23,Thr,Thr2.5,Thr1.25
4,23,Thr,Thr2.5,Thr1.75
4,23,Thr,Thr2.5,Thr2.25
4,23,Thr,Thr2.5,Thr2
4,23,Thr,Thr2.5,Thr1.5
4,23,Thr,Thr2.5,Thr0.5
4,23,Thr,Thr2.5,Thr1
4,23,Thr,Thr2.5,Thr0.75
4,24,Thr,Thr2.25,Thr1.75
4,24,Thr,Thr2.25,Thr1.5
4,24,Thr,Thr0.5,Thr2.25
4,24,Thr,Thr0.75,Thr2.25
4,24,Thr,Thr1,Thr2.25
4,24,Thr,Thr1.25,Thr2.25
4,24,Thr,Thr2.25,Thr2
4,24,Thr,Thr2.5,Thr2.25
4,24,Thr,Thr1.5,Thr0.75
4,24,Thr,Thr1.5,Thr0.5
4,24,Thr,Thr1.5,Thr2.5
4,24,Thr,Thr1.25,Thr1.5
4,24,Thr,Thr1.5,Thr2
4,24,Thr,Thr1.5,Thr2.25
4,24,Thr,Thr1.5,Thr1.75
4,24,Thr,Thr1.5,Thr1
4,24,Thr,Thr0.75,Thr1
4,24,Thr,Thr0.75,Thr0.5
4,24,Thr,Thr0.75,Thr2.25
4,24,Thr,Thr1.5,Thr0.75
4,24,Thr,Thr0.75,Thr2
4,24,Thr,Thr0.75,Thr2.5
4,24,Thr,Thr1.25,Thr0.75
4,24,Thr,Thr0.75,Thr1.75
4,24,Thr,Thr1.5,Thr2
4,24,Thr,Thr2.5,Thr2
4,24,Thr,Thr1.75,Thr2
4,24,Thr,Thr0.75,Thr2
4,24,Thr,Thr0.5,Thr2
4,24,Thr,Thr1,Thr2
4,24,Thr,Thr2,Thr2.25
4,24,Thr,Thr1.25,Thr2
4,24,Thr,Thr1.5,Thr1.75
4,24,Thr,Thr1.75,Thr0.5
4,24,Thr,Thr1.75,Thr1
4,24,Thr,Thr1.75,Thr2.5
4,24,Thr,Thr1.75,Thr2
4,24,Thr,Thr1.25,Thr1.75
4,24,Thr,Thr1.75,Thr2.25
4,24,Thr,Thr0.75,Thr1.75
4,24,Thr,Thr1,Thr2.5
4,24,Thr,Thr2.25,Thr2.5
4,24,Thr,Thr1.25,Thr2.5
4,24,Thr,Thr1.75,Thr2.5
4,24,Thr,Thr0.75,Thr2.5
4,24,Thr,Thr0.5,Thr2.5
4,24,Thr,Thr2,Thr2.5
4,24,Thr,Thr1.5,Thr2.5
4,24,Thr,Thr1,Thr0.5
4,24,Thr,Thr0.5,Thr2.25
4,24,Thr,Thr1.25,Thr0.5
4,24,Thr,Thr1.25,Thr1.75
4,24,Thr,Thr1.25,Thr0.75
4,24,Thr,Thr1.25,Thr2.25
4,24,Thr,Thr0.5,Thr2.5
4,24,Thr,Thr0.75,Thr0.5
4,24,Thr,Thr1.25,Thr1.5
4,24,Thr,Thr1,Thr1.25
4,24,Thr,Thr0.5,Thr2
4,24,Thr,Thr0.5,Thr1.75
4,24,Thr,Thr1.25,Thr2
4,24,Thr,Thr1.25,Thr0.5
4,24,Thr,Thr1.5,Thr0.5
4,24,Thr,Thr1.25,Thr2.5
4,24,Thr,Thr1,Thr0.5
4,24,Thr,Thr1,Thr2.5
4,24,Thr,Thr1,Thr1.5
4,24,Thr,Thr1,Thr0.75
4,24,Thr,Thr1,Thr1.25
4,24,Thr,Thr1,Thr2
4,24,Thr,Thr1,Thr1.75
4,24,Thr,Thr1,Thr2.25
4,35,Thr,Thr0.75,Thr2.25
4,35,Thr,Thr2.25,Thr2.5
4,35,Thr,Thr1,Thr2.25
4,35,Thr,Thr0.5,Thr2.25
4,35,Thr,Thr1.75,Thr2.25
4,35,Thr,Thr1.25,Thr2.25
4,35,Thr,Thr2,Thr2.25
4,35,Thr,Thr1.5,Thr2.25
4,35,Thr,Thr1.25,Thr1
4,35,Thr,Thr1,Thr0.5
4,35,Thr,Thr1,Thr2.5
4,35,Thr,Thr1,Thr2.25
4,35,Thr,Thr1,Thr1.75
4,35,Thr,Thr1,Thr1.5
4,35,Thr,Thr1,Thr0.75
4,35,Thr,Thr1,Thr2
4,35,Thr,Thr0.5,Thr2.5
4,35,Thr,Thr1,Thr0.5
4,35,Thr,Thr0.5,Thr1.75
4,35,Thr,Thr1,Thr1.25
4,35,Thr,Thr0.75,Thr0.5
4,35,Thr,Thr0.5,Thr1.25
4,35,Thr,Thr1.25,Thr2.5
4,35,Thr,Thr0.5,Thr2
4,35,Thr,Thr0.5,Thr2.25
4,35,Thr,Thr1.25,Thr1.75
4,35,Thr,Thr1.25,Thr0.5
4,35,Thr,Thr1.25,Thr2.25
4,35,Thr,Thr1.25,Thr1.5
4,35,Thr,Thr1.25,Thr2
4,35,Thr,Thr1.25,Thr0.75
4,35,Thr,Thr0.5,Thr1.5
4,35,Thr,Thr2,Thr2.5
4,35,Thr,Thr0.5,Thr2.5
4,35,Thr,Thr0.75,Thr2.5
4,35,Thr,Thr2.5,Thr2.25
4,35,Thr,Thr1.75,Thr2.5
4,35,Thr,Thr1.25,Thr2.5
4,35,Thr,Thr1.5,Thr2.5
4,35,Thr,Thr1,Thr2.5
4,35,Thr,Thr0.75,Thr2
4,35,Thr,Thr1.25,Thr0.75
4,35,Thr,Thr0.75,Thr2.5
4,35,Thr,Thr0.75,Thr2.25
4,35,Thr,Thr0.75,Thr1.75
4,35,Thr,Thr0.75,Thr0.5
4,35,Thr,Thr1,Thr0.75
4,35,Thr,Thr1.5,Thr0.75
4,35,Thr,Thr1.25,Thr1.5
4,35,Thr,Thr0.75,Thr1.5
4,35,Thr,Thr1.5,Thr2.25
4,35,Thr,Thr1.5,Thr0.5
4,35,Thr,Thr1.5,Thr2.5
4,35,Thr,Thr1,Thr1.5
4,35,Thr,Thr1.5,Thr2
4,35,Thr,Thr1.5,Thr1.75
4,35,Thr,Thr1.75,Thr2.5
4,35,Thr,Thr1.25,Thr1.75
4,35,Thr,Thr1.75,Thr2
4,35,Thr,Thr1.5,Thr1.75
4,35,Thr,Thr0.75,Thr1.75
4,35,Thr,Thr1.75,Thr0.5
4,35,Thr,Thr1,Thr1.75
4,35,Thr,Thr1.75,Thr2.25
4,35,Thr,Thr1,Thr2
4,35,Thr,Thr1.75,Thr2
4,35,Thr,Thr1.5,Thr2
4,35,Thr,Thr2,Thr2.25
4,35,Thr,Thr0.5,Thr2
4,35,Thr,Thr2,Thr2.5
4,35,Thr,Thr0.75,Thr2
4,35,Thr,Thr1.25,Thr2
4,38,Thr,Thr1.75,Thr0.5
4,38,Thr,Thr1.75,Thr1.25
4,38,Thr,Thr1.75,Thr1
4,38,Thr,Thr1.5,Thr1.75
4,38,Thr,Thr2.5,Thr1.75
4,38,Thr,Thr2,Thr1.75
4,38,Thr,Thr1.75,Thr0.75
4,38,Thr,Thr2.25,Thr1.75
4,38,Thr,Thr1.5,Thr0.75
4,38,Thr,Thr2.5,Thr1.5
4,38,Thr,Thr1.75,Thr1.5
4,38,Thr,Thr1.5,Thr2.25
4,38,Thr,Thr1.25,Thr1.5
4,38,Thr,Thr1.5,Thr1
4,38,Thr,Thr1.5,Thr0.5
4,38,Thr,Thr1.5,Thr2
4,38,Thr,Thr1.25,Thr0.75
4,38,Thr,Thr2.25,Thr0.75
4,38,Thr,Thr0.75,Thr2.5
4,38,Thr,Thr1,Thr0.75
4,38,Thr,Thr1.75,Thr0.75
4,38,Thr,Thr2,Thr0.75
4,38,Thr,Thr0.75,Thr0.5
4,38,Thr,Thr1.5,Thr0.75
4,38,Thr,Thr1,Thr1.5
4,38,Thr,Thr1,Thr1.25
4,38,Thr,Thr1,Thr0.75
4,38,Thr,Thr2,Thr1
4,38,Thr,Thr1,Thr0.5
4,38,Thr,Thr1,Thr2.25
4,38,Thr,Thr1,Thr1.75
4,38,Thr,Thr1,Thr2.5
4,38,Thr,Thr0.5,Thr2
4,38,Thr,Thr2.25,Thr0.5
4,38,Thr,Thr0.75,Thr0.5
4,38,Thr,Thr1.25,Thr0.5
4,38,Thr,Thr1.25,Thr2.5
4,38,Thr,Thr1.25,Thr2
4,38,Thr,Thr2.5,Thr0.5
4,38,Thr,Thr1.5,Thr0.5
4,38,Thr,Thr1.25,Thr1.5
4,38,Thr,Thr1.25,Thr1.75
4,38,Thr,Thr1.75,Thr0.5
4,38,Thr,Thr1.25,Thr0.75
4,38,Thr,Thr1.25,Thr0.5
4,38,Thr,Thr1.25,Thr2.25
4,38,Thr,Thr1,Thr0.5
4,38,Thr,Thr1,Thr1.25
4,38,Thr,Thr2,Thr2.5
4,38,Thr,Thr1.5,Thr2.5
4,38,Thr,Thr1.25,Thr2.5
4,38,Thr,Thr2.25,Thr2.5
4,38,Thr,Thr2.5,Thr0.5
4,38,Thr,Thr2.5,Thr0.75
4,38,Thr,Thr1,Thr2.5
4,38,Thr,Thr1.75,Thr2.5
4,38,Thr,Thr2,Thr2.25
4,38,Thr,Thr1.25,Thr2.25
4,38,Thr,Thr1.5,Thr2.25
4,38,Thr,Thr1,Thr2.25
4,38,Thr,Thr2.25,Thr0.75
4,38,Thr,Thr1.75,Thr2.25
4,38,Thr,Thr2.25,Thr2.5
4,38,Thr,Thr0.5,Thr2.25
4,38,Thr,Thr2.25,Thr2
4,38,Thr,Thr0.5,Thr2
4,38,Thr,Thr1,Thr2
4,38,Thr,Thr0.75,Thr2
4,38,Thr,Thr1.75,Thr2
4,38,Thr,Thr1.25,Thr2
4,38,Thr,Thr1.5,Thr2
4,38,Thr,Thr2.5,Thr2
4,41,Thr,Thr1.75,Thr0.5
4,41,Thr,Thr1.5,Thr0.5
4,41,Thr,Thr0.5,Thr1
4,41,Thr,Thr0.5,Thr0.75
4,41,Thr,Thr1.25,Thr0.5
4,41,Thr,Thr1.25,Thr1.5
4,41,Thr,Thr1.25,Thr0.5
4,41,Thr,Thr1.25,Thr0.75
4,41,Thr,Thr2,Thr0.5
4,41,Thr,Thr1.25,Thr2.5
4,41,Thr,Thr1.25,Thr2
4,41,Thr,Thr2.5,Thr0.5
4,41,Thr,Thr1.75,Thr1.25
4,41,Thr,Thr2.25,Thr0.5
4,41,Thr,Thr1.25,Thr1
4,41,Thr,Thr1.25,Thr2.25
4,41,Thr,Thr1.5,Thr1.25
4,41,Thr,Thr2,Thr1.5
4,41,Thr,Thr1.5,Thr1.75
4,41,Thr,Thr1.5,Thr0.5
4,41,Thr,Thr2.25,Thr1.5
4,41,Thr,Thr1.5,Thr1
4,41,Thr,Thr1.5,Thr0.75
4,41,Thr,Thr1.5,Thr2.5
4,41,Thr,Thr1.5,Thr2.25
4,41,Thr,Thr2,Thr2.25
4,41,Thr,Thr2.25,Thr2.5
4,41,Thr,Thr2.25,Thr1
4,41,Thr,Thr2.25,Thr0.75
4,41,Thr,Thr2.25,Thr1.75
4,41,Thr,Thr2.25,Thr1.25
4,41,Thr,Thr2.25,Thr0.5
4,41,Thr,Thr1.5,Thr1
4,41,Thr,Thr1,Thr0.75
4,41,Thr,Thr2.25,Thr1
4,41,Thr,Thr1.25,Thr1
4,41,Thr,Thr1,Thr0.5
4,41,Thr,Thr1.75,Thr1
4,41,Thr,Thr2,Thr1
4,41,Thr,Thr2.5,Thr1
4,41,Thr,Thr1.25,Thr0.75
4,41,Thr,Thr1.75,Thr0.75
4,41,Thr,Thr2.25,Thr0.75
4,41,Thr,Thr0.75,Thr0.5
4,41,Thr,Thr0.75,Thr1
4,41,Thr,Thr0.75,Thr1.5
4,41,Thr,Thr0.75,Thr2
4,41,Thr,Thr2.5,Thr0.75
4,41,Thr,Thr2,Thr0.75
4,41,Thr,Thr2,Thr1.75
4,41,Thr,Thr2,Thr0.5
4,41,Thr,Thr2,Thr1
4,41,Thr,Thr2,Thr1.25
4,41,Thr,Thr2,Thr2.25
4,41,Thr,Thr2,Thr2.5
4,41,Thr,Thr2,Thr1.5
4,41,Thr,Thr1.75,Thr1
4,41,Thr,Thr1.75,Thr0.75
4,41,Thr,Thr2.25,Thr1.75
4,41,Thr,Thr1.75,Thr2.5
4,41,Thr,Thr1.75,Thr1.25
4,41,Thr,Thr2,Thr1.75
4,41,Thr,Thr1.75,Thr1.5
4,41,Thr,Thr1.75,Thr0.5
4,41,Thr,Thr2.5,Thr1
4,41,Thr,Thr2.5,Thr1.25
4,41,Thr,Thr2.5,Thr2
4,41,Thr,Thr2.5,Thr0.5
4,41,Thr,Thr2.25,Thr2.5
4,41,Thr,Thr2.5,Thr1.75
4,41,Thr,Thr2.5,Thr0.75
4,41,Thr,Thr2.5,Thr1.5
4,45,Thr,Thr1.25,Thr1.75
4,45,Thr,Thr0.75,Thr0.5
4,45,Thr,Thr0.5,Thr1.25
4,45,Thr,Thr1.25,Thr2
4,45,Thr,Thr1,Thr0.5
4,45,Thr,Thr1.25,Thr1.5
4,45,Thr,Thr0.5,Thr2.5
4,45,Thr,Thr2,Thr0.5
4,45,Thr,Thr1.25,Thr1
4,45,Thr,Thr1.25,Thr2.5
4,45,Thr,Thr1.25,Thr0.5
4,45,Thr,Thr1.25,Thr0.75
4,45,Thr,Thr1.75,Thr0.5
4,45,Thr,Thr1.5,Thr0.5
4,45,Thr,Thr1.25,Thr2.25
4,45,Thr,Thr0.5,Thr2.25
4,45,Thr,Thr1.5,Thr1.75
4,45,Thr,Thr1.5,Thr2.5
4,45,Thr,Thr1.5,Thr0.5
4,45,Thr,Thr1.5,Thr0.75
4,45,Thr,Thr2.25,Thr1.5
4,45,Thr,Thr1,Thr1.5
4,45,Thr,Thr2,Thr1.5
4,45,Thr,Thr1.5,Thr1.25
4,45,Thr,Thr1.25,Thr0.75
4,45,Thr,Thr0.75,Thr1
4,45,Thr,Thr2.5,Thr0.75
4,45,Thr,Thr1.75,Thr0.75
4,45,Thr,Thr0.75,Thr0.5
4,45,Thr,Thr0.75,Thr2.25
4,45,Thr,Thr1.5,Thr0.75
4,45,Thr,Thr0.75,Thr2
4,45,Thr,Thr2,Thr2.5
4,45,Thr,Thr1.5,Thr2.5
4,45,Thr,Thr2.25,Thr2.5
4,45,Thr,Thr2.5,Thr0.75
4,45,Thr,Thr1,Thr2.5
4,45,Thr,Thr1.75,Thr2.5
4,45,Thr,Thr1.25,Thr2.5
4,45,Thr,Thr0.5,Thr2.5
4,45,Thr,Thr2,Thr2.25
4,45,Thr,Thr2.25,Thr2.5
4,45,Thr,Thr1,Thr2.25
4,45,Thr,Thr1.25,Thr2.25
4,45,Thr,Thr0.75,Thr2.25
4,45,Thr,Thr1.5,Thr2.25
4,45,Thr,Thr2.25,Thr0.5
4,45,Thr,Thr1.75,Thr2.25
4,45,Thr,Thr0.75,Thr2
4,45,Thr,Thr1.25,Thr2
4,45,Thr,Thr1,Thr2
4,45,Thr,Thr2,Thr2.5
4,45,Thr,Thr1.5,Thr2
4,45,Thr,Thr2.25,Thr2
4,45,Thr,Thr1.75,Thr2
4,45,Thr,Thr0.5,Thr2
4,45,Thr,Thr1.75,Thr2.5
4,45,Thr,Thr1.75,Thr2
4,45,Thr,Thr1.75,Thr1
4,45,Thr,Thr1.25,Thr1.75
4,45,Thr,Thr1.75,Thr2.25
4,45,Thr,Thr1.75,Thr0.5
4,45,Thr,Thr1.5,Thr1.75
4,45,Thr,Thr0.75,Thr1.75
4,45,Thr,Thr1,Thr2
4,45,Thr,Thr1,Thr2.5
4,45,Thr,Thr1,Thr2.25
4,45,Thr,Thr1,Thr0.5
4,45,Thr,Thr1,Thr0.75
4,45,Thr,Thr1,Thr1.25
4,45,Thr,Thr1,Thr1.75
4,45,Thr,Thr1,Thr1.5
4,52,Thr,Thr2.25,Thr0.5
4,52,Thr,Thr2.25,Thr1.5
4,52,Thr,Thr2.25,Thr1.75
4,52,Thr,Thr2.25,Thr1.25
4,52,Thr,Thr2.5,Thr2.25
4,52,Thr,Thr2.25,Thr0.75
4,52,Thr,Thr2.25,Thr1
4,52,Thr,Thr2,Thr2.25
4,52,Thr,Thr1.5,Thr1.75
4,52,Thr,Thr1.5,Thr0.5
4,52,Thr,Thr1.5,Thr0.75
4,52,Thr,Thr2.25,Thr1.5
4,52,Thr,Thr2.5,Thr1.5
4,52,Thr,Thr1.5,Thr1.25
4,52,Thr,Thr2,Thr1.5
4,52,Thr,Thr1.5,Thr1
4,52,Thr,Thr2.5,Thr0.5
4,52,Thr,Thr2,Thr0.5
4,52,Thr,Thr2.5,Thr1.25
4,52,Thr,Thr2.25,Thr1.25
4,52,Thr,Thr0.5,Thr1.25
4,52,Thr,Thr0.5,Thr0.75
4,52,Thr,Thr1.5,Thr1.25
4,52,Thr,Thr1.25,Thr1
4,52,Thr,Thr1,Thr0.5
4,52,Thr,Thr1.25,Thr0.5
4,52,Thr,Thr2.25,Thr0.5
4,52,Thr,Thr2,Thr1.25
4,52,Thr,Thr0.5,Thr1.75
4,52,Thr,Thr0.75,Thr1.25
4,52,Thr,Thr0.5,Thr1.5
4,52,Thr,Thr1.75,Thr1.25
4,52,Thr,Thr2.25,Thr1
4,52,Thr,Thr1.75,Thr1
4,52,Thr,Thr2.5,Thr1
4,52,Thr,Thr1,Thr0.75
4,52,Thr,Thr1,Thr0.5
4,52,Thr,Thr1.5,Thr1
4,52,Thr,Thr2,Thr1
4,52,Thr,Thr1.25,Thr1
4,52,Thr,Thr1.75,Thr0.5
4,52,Thr,Thr1.75,Thr1.25
4,52,Thr,Thr2.25,Thr1.75
4,52,Thr,Thr2,Thr1.75
4,52,Thr,Thr1.75,Thr2.5
4,52,Thr,Thr1.75,Thr0.75
4,52,Thr,Thr1.75,Thr1
4,52,Thr,Thr1.75,Thr1.5
4,52,Thr,Thr2,Thr1.75
4,52,Thr,Thr2,Thr0.5
4,52,Thr,Thr2,Thr0.75
4,52,Thr,Thr2,Thr2.5
4,52,Thr,Thr2,Thr1
4,52,Thr,Thr2,Thr1.25
4,52,Thr,Thr2,Thr1.5
4,52,Thr,Thr2,Thr2.25
4,52,Thr,Thr2.5,Thr0.75
4,52,Thr,Thr2.25,Thr0.75
4,52,Thr,Thr0.75,Thr0.5
4,52,Thr,Thr1.25,Thr0.75
4,52,Thr,Thr1,Thr0.75
4,52,Thr,Thr0.75,Thr1.5
4,52,Thr,Thr1.75,Thr0.75
4,52,Thr,Thr2,Thr0.75
4,52,Thr,Thr1.75,Thr2.5
4,52,Thr,Thr0.5,Thr2.5
4,52,Thr,Thr2.25,Thr2.5
4,52,Thr,Thr2.5,Thr1
4,52,Thr,Thr2.5,Thr0.75
4,52,Thr,Thr2,Thr2.5
4,52,Thr,Thr2.5,Thr1.5
4,52,Thr,Thr2.5,Thr1.25
4,59,Thr,Thr0.75,Thr2.25
4,59,Thr,Thr2.25,Thr2
4,59,Thr,Thr2.25,Thr1.75
4,59,Thr,Thr2.25,Thr1.25
4,59,Thr,Thr2.25,Thr1
4,59,Thr,Thr2.25,Thr1.5
4,59,Thr,Thr2.25,Thr0.5
4,59,Thr,Thr2.5,Thr2.25
4,59,Thr,Thr2,Thr1.25
4,59,Thr,Thr2.25,Thr2
4,59,Thr,Thr2,Thr0.5
4,59,Thr,Thr2.5,Thr2
4,59,Thr,Thr2,Thr1
4,59,Thr,Thr2,Thr1.5
4,59,Thr,Thr2,Thr0.75
4,59,Thr,Thr2,Thr1.75
4,59,Thr,Thr1.75,Thr0.75
4,59,Thr,Thr1.25,Thr0.75
4,59,Thr,Thr1,Thr0.75
4,59,Thr,Thr1.5,Thr0.75
4,59,Thr,Thr2.5,Thr0.75
4,59,Thr,Thr0.75,Thr0.5
4,59,Thr,Thr2.25,Thr0.75
4,59,Thr,Thr2,Thr0.75
4,59,Thr,Thr2.5,Thr2
4,59,Thr,Thr2.5,Thr1.25
4,59,Thr,Thr2.5,Thr2.25
4,59,Thr,Thr2.5,Thr1.75
4,59,Thr,Thr2.5,Thr1
4,59,Thr,Thr2.5,Thr0.75
4,59,Thr,Thr2.5,Thr0.5
4,59,Thr,Thr2.5,Thr1.5
4,59,Thr,Thr2,Thr1.25
4,59,Thr,Thr1.75,Thr1.25
4,59,Thr,Thr1.25,Thr0.5
4,59,Thr,Thr2,Thr0.5
4,59,Thr,Thr1.25,Thr0.75
4,59,Thr,Thr1.5,Thr1.25
4,59,Thr,Thr1.5,Thr0.5
4,59,Thr,Thr1.25,Thr0.5
4,59,Thr,Thr2.25,Thr1.25
4,59,Thr,Thr0.5,Thr2.5
4,59,Thr,Thr1,Thr1.25
4,59,Thr,Thr0.5,Thr2.25
4,59,Thr,Thr0.75,Thr0.5
4,59,Thr,Thr1.75,Thr0.5
4,59,Thr,Thr1,Thr0.5
4,59,Thr,Thr2.5,Thr1.25
4,59,Thr,Thr1.5,Thr1
4,59,Thr,Thr2,Thr1.5
4,59,Thr,Thr1.5,Thr1.25
4,59,Thr,Thr1.5,Thr0.75
4,59,Thr,Thr1.75,Thr1.5
4,59,Thr,Thr1.5,Thr0.5
4,59,Thr,Thr1.5,Thr2.25
4,59,Thr,Thr2.5,Thr1.5
4,59,Thr,Thr2.5,Thr1.75
4,59,Thr,Thr1.75,Thr2.25
4,59,Thr,Thr2,Thr1.75
4,59,Thr,Thr1.75,Thr0.5
4,59,Thr,Thr1.75,Thr1.5
4,59,Thr,Thr1.75,Thr0.75
4,59,Thr,Thr1.75,Thr1.25
4,59,Thr,Thr1.75,Thr1
4,59,Thr,Thr1.5,Thr1
4,59,Thr,Thr1,Thr0.5
4,59,Thr,Thr1.25,Thr1
4,59,Thr,Thr1.75,Thr1
4,59,Thr,Thr2,Thr1
4,59,Thr,Thr2.25,Thr1
4,59,Thr,Thr1,Thr0.75
4,59,Thr,Thr2.5,Thr1
5,5,Thr,Thr1.75,Thr0.75
5,5,Thr,Thr1.5,Thr0.75
5,5,Thr,Thr2.25,Thr0.75
5,5,Thr,Thr2,Thr0.75
5,5,Thr,Thr0.5,Thr0.75
5,5,Thr,Thr1.25,Thr0.75
5,5,Thr,Thr2.5,Thr0.75
5,5,Thr,Thr1,Thr0.75
5,5,Thr,Thr2,Thr1
5,5,Thr,Thr2,Thr0.75
5,5,Thr,Thr2,Thr2.25
5,5,Thr,Thr2,Thr1.25
5,5,Thr,Thr2,Thr0.5
5,5,Thr,Thr2,Thr1.5
5,5,Thr,Thr2.5,Thr2
5,5,Thr,Thr2,Thr1.75
5,5,Thr,Thr2.25,Thr1.5
5,5,Thr,Thr2.25,Thr0.75
5,5,Thr,Thr2.25,Thr1.25
5,5,Thr,Thr2.25,Thr2
5,5,Thr,Thr2.25,Thr1.75
5,5,Thr,Thr2.25,Thr0.5
5,5,Thr,Thr2.5,Thr2.25
5,5,Thr,Thr2.25,Thr1
5,5,Thr,Thr2,Thr1.5
5,5,Thr,Thr2.5,Thr1.5
5,5,Thr,Thr1.5,Thr0.75
5,5,Thr,Thr1.5,Thr1.25
5,5,Thr,Thr2.25,Thr1.5
5,5,Thr,Thr1.5,Thr1
5,5,Thr,Thr1.5,Thr0.5
5,5,Thr,Thr1.75,Thr1.5
5,5,Thr,Thr1.75,Thr1.5
5,5,Thr,Thr1.75,Thr0.75
5,5,Thr,Thr1.75,Thr0.5
5,5,Thr,Thr2,Thr1.75
5,5,Thr,Thr1.75,Thr1.25
5,5,Thr,Thr2.5,Thr1.75
5,5,Thr,Thr1.75,Thr1
5,5,Thr,Thr2.25,Thr1.75
5,5,Thr,Thr2.5,Thr1.75
5,5,Thr,Thr2.5,Thr2.25
5,5,Thr,Thr2.5,Thr2
5,5,Thr,Thr2.5,Thr0.75
5,5,Thr,Thr2.5,Thr1.25
5,5,Thr,Thr2.5,Thr1.5
5,5,Thr,Thr2.5,Thr1
5,5,Thr,Thr2.5,Thr0.5
5,5,Thr,Thr2.25,Thr1.25
5,5,Thr,Thr1.5,Thr1.25
5,5,Thr,Thr2,Thr1.25
5,5,Thr,Thr1.25,Thr0.5
5,5,Thr,Thr0.75,Thr0.5
5,5,Thr,Thr1,Thr0.5
5,5,Thr,Thr2.5,Thr1.25
5,5,Thr,Thr1.25,Thr1
5,5,Thr,Thr1.5,Thr0.5
5,5,Thr,Thr2.5,Thr0.5
5,5,Thr,Thr2,Thr0.5
5,5,Thr,Thr1.25,Thr0.75
5,5,Thr,Thr1.75,Thr1.25
5,5,Thr,Thr1.75,Thr0.5
5,5,Thr,Thr2.25,Thr0.5
5,5,Thr,Thr1.25,Thr0.5
5,5,Thr,Thr1.75,Thr1
5,5,Thr,Thr2,Thr1
5,5,Thr,Thr2.5,Thr1
5,5,Thr,Thr1.5,Thr1
5,5,Thr,Thr2.25,Thr1
5,5,Thr,Thr1.25,Thr1
5,5,Thr,Thr1,Thr0.5
5,5,Thr,Thr1,Thr0.75
5,25,Thr,Thr1.75,Thr2
5,25,Thr,Thr0.5,Thr1.75
5,25,Thr,Thr1.5,Thr1.75
5,25,Thr,Thr1.25,Thr1.75
5,25,Thr,Thr1.75,Thr2.25
5,25,Thr,Thr1.75,Thr2.5
5,25,Thr,Thr0.75,Thr1.75
5,25,Thr,Thr1,Thr1.75
5,25,Thr,Thr1,Thr2
5,25,Thr,Thr0.5,Thr1
5,25,Thr,Thr0.75,Thr1
5,25,Thr,Thr1,Thr2.25
5,25,Thr,Thr1,Thr1.25
5,25,Thr,Thr1,Thr2.5
5,25,Thr,Thr1,Thr1.5
5,25,Thr,Thr1,Thr1.75
5,25,Thr,Thr0.75,Thr1
5,25,Thr,Thr2.5,Thr0.75
5,25,Thr,Thr0.75,Thr0.5
5,25,Thr,Thr0.75,Thr1.5
5,25,Thr,Thr0.75,Thr2.25
5,25,Thr,Thr0.75,Thr1.75
5,25,Thr,Thr0.75,Thr1.25
5,25,Thr,Thr0.75,Thr2
5,25,Thr,Thr0.5,Thr2
5,25,Thr,Thr1,Thr2
5,25,Thr,Thr0.75,Thr2
5,25,Thr,Thr1.25,Thr2
5,25,Thr,Thr2,Thr2.5
5,25,Thr,Thr2,Thr2.25
5,25,Thr,Thr1.75,Thr2
5,25,Thr,Thr1.5,Thr2
5,25,Thr,Thr0.5,Thr2.25
5,25,Thr,Thr1.25,Thr2
5,25,Thr,Thr0.5,Thr1.5
5,25,Thr,Thr0.5,Thr1.25
5,25,Thr,Thr1,Thr1.25
5,25,Thr,Thr0.5,Thr1
5,25,Thr,Thr0.5,Thr0.75
5,25,Thr,Thr1.25,Thr2.25
5,25,Thr,Thr1.25,Thr1.75
5,25,Thr,Thr0.5,Thr2.5
5,25,Thr,Thr0.5,Thr1.75
5,25,Thr,Thr1.25,Thr1.5
5,25,Thr,Thr0.5,Thr2
5,25,Thr,Thr0.75,Thr1.25
5,25,Thr,Thr1.25,Thr2.5
5,25,Thr,Thr0.5,Thr1.25
5,25,Thr,Thr2,Thr2.5
5,25,Thr,Thr1.25,Thr2.5
5,25,Thr,Thr2.25,Thr2.5
5,25,Thr,Thr0.5,Thr2.5
5,25,Thr,Thr0.75,Thr2.5
5,25,Thr,Thr1.5,Thr2.5
5,25,Thr,Thr1,Thr2.5
5,25,Thr,Thr1.75,Thr2.5
5,25,Thr,Thr1.5,Thr2.25
5,25,Thr,Thr1.25,Thr2.25
5,25,Thr,Thr2.25,Thr2.5
5,25,Thr,Thr0.5,Thr2.25
5,25,Thr,Thr2,Thr2.25
5,25,Thr,Thr1,Thr2.25
5,25,Thr,Thr1.75,Thr2.25
5,25,Thr,Thr0.75,Thr2.25
5,25,Thr,Thr1.5,Thr1.75
5,25,Thr,Thr1.5,Thr2.5
5,25,Thr,Thr1.25,Thr1.5
5,25,Thr,Thr1.5,Thr2
5,25,Thr,Thr0.75,Thr1.5
5,25,Thr,Thr1.5,Thr2.25
5,25,Thr,Thr1,Thr1.5
5,25,Thr,Thr0.5,Thr1.5
5,26,Thr,Thr1.25,Thr0.5
5,26,Thr,Thr1.25,Thr1
5,26,Thr,Thr2,Thr0.5
5,26,Thr,Thr1.5,Thr0.5
5,26,Thr,Thr1.25,Thr0.5
5,26,Thr,Thr2.5,Thr1.25
5,26,Thr,Thr1.75,Thr0.5
5,26,Thr,Thr1.25,Thr2.25
5,26,Thr,Thr1,Thr0.5
5,26,Thr,Thr2,Thr1.25
5,26,Thr,Thr1.5,Thr1.25
5,26,Thr,Thr1.25,Thr0.75
5,26,Thr,Thr0.5,Thr0.75
5,26,Thr,Thr2.25,Thr0.5
5,26,Thr,Thr1.75,Thr1.25
5,26,Thr,Thr2.5,Thr0.5
5,26,Thr,Thr2.5,Thr1.25
5,26,Thr,Thr2.5,Thr1.5
5,26,Thr,Thr2.5,Thr2
5,26,Thr,Thr2.5,Thr0.75
5,26,Thr,Thr2.5,Thr0.5
5,26,Thr,Thr2.5,Thr1.75
5,26,Thr,Thr2.25,Thr2.5
5,26,Thr,Thr1,Thr2.5
5,26,Thr,Thr1.75,Thr1.25
5,26,Thr,Thr2.25,Thr1.75
5,26,Thr,Thr1.75,Thr1
5,26,Thr,Thr2,Thr1.75
5,26,Thr,Thr1.75,Thr1.5
5,26,Thr,Thr1.75,Thr0.75
5,26,Thr,Thr1.75,Thr0.5
5,26,Thr,Thr2.5,Thr1.75
5,26,Thr,Thr0.75,Thr1.5
5,26,Thr,Thr1.25,Thr1.5
5,26,Thr,Thr2.5,Thr1.5
5,26,Thr,Thr2.25,Thr1.5
5,26,Thr,Thr1.5,Thr2
5,26,Thr,Thr1.5,Thr0.5
5,26,Thr,Thr1.5,Thr1
5,26,Thr,Thr1.5,Thr1.75
5,26,Thr,Thr2.25,Thr0.75
5,26,Thr,Thr2.25,Thr2.5
5,26,Thr,Thr2,Thr2.25
5,26,Thr,Thr2.25,Thr0.5
5,26,Thr,Thr1.5,Thr2.25
5,26,Thr,Thr2.25,Thr1.25
5,26,Thr,Thr1,Thr2.25
5,26,Thr,Thr1.75,Thr2.25
5,26,Thr,Thr1.25,Thr2
5,26,Thr,Thr2,Thr1
5,26,Thr,Thr1.75,Thr2
5,26,Thr,Thr2,Thr2.5
5,26,Thr,Thr2,Thr1.5
5,26,Thr,Thr2,Thr0.75
5,26,Thr,Thr2,Thr2.25
5,26,Thr,Thr2,Thr0.5
5,26,Thr,Thr1.75,Thr0.75
5,26,Thr,Thr1.5,Thr0.75
5,26,Thr,Thr2.5,Thr0.75
5,26,Thr,Thr1.25,Thr0.75
5,26,Thr,Thr0.75,Thr0.5
5,26,Thr,Thr2,Thr0.75
5,26,Thr,Thr2.25,Thr0.75
5,26,Thr,Thr1,Thr0.75
5,26,Thr,Thr2.25,Thr1
5,26,Thr,Thr2.5,Thr1
5,26,Thr,Thr1.5,Thr1
5,26,Thr,Thr1.25,Thr1
5,26,Thr,Thr2,Thr1
5,26,Thr,Thr1,Thr0.75
5,26,Thr,Thr1.75,Thr1
5,26,Thr,Thr1,Thr0.5
5,28,Thr,Thr2.25,Thr0.75
5,28,Thr,Thr1.25,Thr0.75
5,28,Thr,Thr0.75,Thr0.5
5,28,Thr,Thr2,Thr0.75
5,28,Thr,Thr1.75,Thr0.75
5,28,Thr,Thr1,Thr0.75
5,28,Thr,Thr0.75,Thr2.5
5,28,Thr,Thr1.5,Thr0.75
5,28,Thr,Thr2,Thr1.75
5,28,Thr,Thr0.5,Thr2
5,28,Thr,Thr2,Thr1.5
5,28,Thr,Thr2.5,Thr2
5,28,Thr,Thr0.75,Thr2
5,28,Thr,Thr2.25,Thr2
5,28,Thr,Thr1,Thr2
5,28,Thr,Thr1.25,Thr2
5,28,Thr,Thr0.75,Thr2.25
5,28,Thr,Thr0.5,Thr2.25
5,28,Thr,Thr1,Thr2.25
5,28,Thr,Thr2.25,Thr1.75
5,28,Thr,Thr2.25,Thr1.5
5,28,Thr,Thr2.5,Thr2.25
5,28,Thr,Thr2.25,Thr2
5,28,Thr,Thr1.25,Thr2.25
5,28,Thr,Thr1,Thr0.5
5,28,Thr,Thr1,Thr2
5,28,Thr,Thr1,Thr1.75
5,28,Thr,Thr1,Thr1.5
5,28,Thr,Thr1.25,Thr1
5,28,Thr,Thr1,Thr2.5
5,28,Thr,Thr1,Thr2.25
5,28,Thr,Thr1,Thr0.75
5,28,Thr,Thr1.25,Thr1.75
5,28,Thr,Thr0.75,Thr1.75
5,28,Thr,Thr2,Thr1.75
5,28,Thr,Thr1.5,Thr1.75
5,28,Thr,Thr1,Thr1.75
5,28,Thr,Thr1.75,Thr2.25
5,28,Thr,Thr2.5,Thr1.75
5,28,Thr,Thr0.5,Thr1.75
5,28,Thr,Thr2.5,Thr2.25
5,28,Thr,Thr0.5,Thr2.5
5,28,Thr,Thr2.5,Thr1.5
5,28,Thr,Thr2.5,Thr1.25
5,28,Thr,Thr2.5,Thr1.75
5,28,Thr,Thr0.75,Thr2.5
5,28,Thr,Thr2,Thr2.5
5,28,Thr,Thr1,Thr2.5
5,28,Thr,Thr0.5,Thr2
5,28,Thr,Thr0.5,Thr1.75
5,28,Thr,Thr1,Thr0.5
5,28,Thr,Thr1.5,Thr0.5
5,28,Thr,Thr1.25,Thr1.5
5,28,Thr,Thr1.25,Thr0.75
5,28,Thr,Thr1.25,Thr2.25
5,28,Thr,Thr1.25,Thr0.5
5,28,Thr,Thr2.5,Thr0.5
5,28,Thr,Thr1.25,Thr1.75
5,28,Thr,Thr1.25,Thr0.5
5,28,Thr,Thr1.25,Thr2
5,28,Thr,Thr2.25,Thr0.5
5,28,Thr,Thr1.25,Thr1
5,28,Thr,Thr1.25,Thr2.5
5,28,Thr,Thr0.75,Thr0.5
5,28,Thr,Thr1.25,Thr1.5
5,28,Thr,Thr1.5,Thr1.75
5,28,Thr,Thr1.5,Thr2
5,28,Thr,Thr1.5,Thr2.25
5,28,Thr,Thr1,Thr1.5
5,28,Thr,Thr1.5,Thr0.5
5,28,Thr,Thr1.5,Thr2.5
5,28,Thr,Thr1.5,Thr0.75
5,31,Thr,Thr0.75,Thr1.25
5,31,Thr,Thr2,Thr0.75
5,31,Thr,Thr0.75,Thr0.5
5,31,Thr,Thr0.75,Thr1.5
5,31,Thr,Thr0.75,Thr1.75
5,31,Thr,Thr2.5,Thr0.75
5,31,Thr,Thr0.75,Thr2.25
5,31,Thr,Thr1,Thr0.75
5,31,Thr,Thr2,Thr1
5,31,Thr,Thr2,Thr1.5
5,31,Thr,Thr2,Thr0.75
5,31,Thr,Thr2,Thr1.25
5,31,Thr,Thr2,Thr0.5
5,31,Thr,Thr2.5,Thr2
5,31,Thr,Thr2.25,Thr2
5,31,Thr,Thr1.75,Thr2
5,31,Thr,Thr2.5,Thr2.25
5,31,Thr,Thr2.25,Thr0.5
5,31,Thr,Thr2.25,Thr1.5
5,31,Thr,Thr2.25,Thr1.25
5,31,Thr,Thr2.25,Thr0.75
5,31,Thr,Thr2.25,Thr1.75
5,31,Thr,Thr2.25,Thr1
5,31,Thr,Thr2.25,Thr2
5,31,Thr,Thr2.5,Thr1.5
5,31,Thr,Thr2.5,Thr1
5,31,Thr,Thr2.5,Thr1.25
5,31,Thr,Thr2.5,Thr0.75
5,31,Thr,Thr2.5,Thr0.5
5,31,Thr,Thr2.5,Thr2
5,31,Thr,Thr2.25,Thr2.5
5,31,Thr,Thr2.5,Thr1.75
5,31,Thr,Thr1.75,Thr1.25
5,31,Thr,Thr1.75,Thr0.5
5,31,Thr,Thr1.75,Thr1.5
5,31,Thr,Thr1.75,Thr0.75
5,31,Thr,Thr2,Thr1.75
5,31,Thr,Thr2.25,Thr1.75
5,31,Thr,Thr1.75,Thr1
5,31,Thr,Thr2.5,Thr1.75
5,31,Thr,Thr1,Thr0.75
5,31,Thr,Thr2.5,Thr1
5,31,Thr,Thr1.5,Thr1
5,31,Thr,Thr1.75,Thr1
5,31,Thr,Thr1,Thr0.5
5,31,Thr,Thr2,Thr1
5,31,Thr,Thr1.25,Thr1
5,31,Thr,Thr2.25,Thr1
5,31,Thr,Thr1.25,Thr0.5
5,31,Thr,Thr1.25,Thr0.75
5,31,Thr,Thr2.5,Thr1.25
5,31,Thr,Thr1.5,Thr0.5
5,31,Thr,Thr1.5,Thr1.25
5,31,Thr,Thr2,Thr1.25
5,31,Thr,Thr1.75,Thr1.25
5,31,Thr,Thr2.25,Thr1.25
5,31,Thr,Thr2,Thr0.5
5,31,Thr,Thr1,Thr0.5
5,31,Thr,Thr1.25,Thr0.5
5,31,Thr,Thr0.75,Thr0.5
5,31,Thr,Thr1.75,Thr0.5
5,31,Thr,Thr1.25,Thr1
5,31,Thr,Thr2.25,Thr0.5
5,31,Thr,Thr2.5,Thr0.5
5,31,Thr,Thr2.25,Thr1.5
5,31,Thr,Thr2.5,Thr1.5
5,31,Thr,Thr2,Thr1.5
5,31,Thr,Thr1.5,Thr0.75
5,31,Thr,Thr1.5,Thr1.25
5,31,Thr,Thr1.75,Thr1.5
5,31,Thr,Thr1.5,Thr1
5,31,Thr,Thr1.5,Thr0.5
5,33,Thr,Thr1.75,Thr0.75
5,33,Thr,Thr1.75,Thr2.25
5,33,Thr,Thr1.75,Thr1.5
5,33,Thr,Thr1.75,Thr0.5
5,33,Thr,Thr2.5,Thr1.75
5,33,Thr,Thr1.75,Thr1
5,33,Thr,Thr2,Thr1.75
5,33,Thr,Thr1.75,Thr1.25
5,33,Thr,Thr1.5,Thr2.5
5,33,Thr,Thr2.5,Thr0.75
5,33,Thr,Thr2.5,Thr2
5,33,Thr,Thr1.25,Thr2.5
5,33,Thr,Thr2.5,Thr0.5
5,33,Thr,Thr2.5,Thr1.75
5,33,Thr,Thr2.25,Thr2.5
5,33,Thr,Thr2.5,Thr1
5,33,Thr,Thr2.5,Thr0.75
5,33,Thr,Thr0.75,Thr0.5
5,33,Thr,Thr1.25,Thr0.75
5,33,Thr,Thr1.75,Thr0.75
5,33,Thr,Thr1,Thr0.75
5,33,Thr,Thr1.5,Thr0.75
5,33,Thr,Thr2.25,Thr0.75
5,33,Thr,Thr2,Thr0.75
5,33,Thr,Thr2,Thr1.5
5,33,Thr,Thr1,Thr1.5
5,33,Thr,Thr1.5,Thr1.75
5,33,Thr,Thr1.5,Thr0.75
5,33,Thr,Thr1.25,Thr1.5
5,33,Thr,Thr1.5,Thr2.5
5,33,Thr,Thr2.25,Thr1.5
5,33,Thr,Thr0.5,Thr1.5
5,33,Thr,Thr2.25,Thr0.5
5,33,Thr,Thr2.25,Thr1.25
5,33,Thr,Thr1.75,Thr0.5
5,33,Thr,Thr1.5,Thr1.25
5,33,Thr,Thr1.25,Thr0.75
5,33,Thr,Thr2.5,Thr0.5
5,33,Thr,Thr1,Thr0.5
5,33,Thr,Thr1.5,Thr0.5
5,33,Thr,Thr1.25,Thr0.5
5,33,Thr,Thr2,Thr0.5
5,33,Thr,Thr1.75,Thr1.25
5,33,Thr,Thr1.25,Thr1
5,33,Thr,Thr1.25,Thr0.5
5,33,Thr,Thr2.5,Thr1.25
5,33,Thr,Thr2,Thr1.25
5,33,Thr,Thr0.75,Thr0.5
5,33,Thr,Thr2,Thr1.5
5,33,Thr,Thr2,Thr1
5,33,Thr,Thr2,Thr1.25
5,33,Thr,Thr2,Thr0.5
5,33,Thr,Thr2,Thr1.75
5,33,Thr,Thr2.25,Thr2
5,33,Thr,Thr2,Thr0.75
5,33,Thr,Thr2.5,Thr2
5,33,Thr,Thr2.25,Thr1.75
5,33,Thr,Thr2.25,Thr2.5
5,33,Thr,Thr1.5,Thr2.25
5,33,Thr,Thr2.25,Thr0.5
5,33,Thr,Thr2.25,Thr1.25
5,33,Thr,Thr2.25,Thr2
5,33,Thr,Thr0.75,Thr2.25
5,33,Thr,Thr1,Thr2.25
5,33,Thr,Thr2.25,Thr1
5,33,Thr,Thr2,Thr1
5,33,Thr,Thr1.75,Thr1
5,33,Thr,Thr0.75,Thr1
5,33,Thr,Thr1.5,Thr1
5,33,Thr,Thr1,Thr0.5
5,33,Thr,Thr2.5,Thr1
5,33,Thr,Thr1.25,Thr1
5,36,Thr,Thr1,Thr1.75
5,36,Thr,Thr1.75,Thr0.75
5,36,Thr,Thr1.75,Thr2.5
5,36,Thr,Thr1.75,Thr2.25
5,36,Thr,Thr1.75,Thr2
5,36,Thr,Thr1.75,Thr1.25
5,36,Thr,Thr0.5,Thr1.75
5,36,Thr,Thr1.5,Thr1.75
5,36,Thr,Thr0.75,Thr2
5,36,Thr,Thr2,Thr2.5
5,36,Thr,Thr1.25,Thr2
5,36,Thr,Thr2,Thr2.25
5,36,Thr,Thr2,Thr1.5
5,36,Thr,Thr1,Thr2
5,36,Thr,Thr2,Thr1.75
5,36,Thr,Thr0.5,Thr2
5,36,Thr,Thr0.5,Thr2.25
5,36,Thr,Thr1,Thr2.25
5,36,Thr,Thr1.75,Thr2.25
5,36,Thr,Thr2.5,Thr2.25
5,36,Thr,Thr2.25,Thr2
5,36,Thr,Thr1.25,Thr2.25
5,36,Thr,Thr2.25,Thr0.75
5,36,Thr,Thr1.5,Thr2.25
5,36,Thr,Thr1.25,Thr1.5
5,36,Thr,Thr1.5,Thr2.25
5,36,Thr,Thr1.5,Thr2.5
5,36,Thr,Thr0.75,Thr1.5
5,36,Thr,Thr1.75,Thr1.5
5,36,Thr,Thr0.5,Thr1.5
5,36,Thr,Thr1,Thr1.5
5,36,Thr,Thr1.5,Thr2
5,36,Thr,Thr2,Thr0.5
5,36,Thr,Thr0.5,Thr1.25
5,36,Thr,Thr1.25,Thr0.75
5,36,Thr,Thr2,Thr1.25
5,36,Thr,Thr2.25,Thr0.5
5,36,Thr,Thr1.25,Thr1.75
5,36,Thr,Thr1.25,Thr0.5
5,36,Thr,Thr1,Thr0.5
5,36,Thr,Thr0.75,Thr0.5
5,36,Thr,Thr1.25,Thr2.25
5,36,Thr,Thr1.25,Thr1.5
5,36,Thr,Thr0.5,Thr1.75
5,36,Thr,Thr0.5,Thr1.5
5,36,Thr,Thr1.25,Thr2.5
5,36,Thr,Thr1,Thr1.25
5,36,Thr,Thr0.5,Thr2.5
5,36,Thr,Thr2.5,Thr1.5
5,36,Thr,Thr0.75,Thr2.5
5,36,Thr,Thr2.5,Thr1
5,36,Thr,Thr2.5,Thr1.75
5,36,Thr,Thr2,Thr2.5
5,36,Thr,Thr2.5,Thr2.25
5,36,Thr,Thr2.5,Thr0.5
5,36,Thr,Thr1.25,Thr2.5
5,36,Thr,Thr0.75,Thr2
5,36,Thr,Thr1,Thr0.75
5,36,Thr,Thr2.25,Thr0.75
5,36,Thr,Thr0.75,Thr1.5
5,36,Thr,Thr0.75,Thr1.25
5,36,Thr,Thr1.75,Thr0.75
5,36,Thr,Thr2.5,Thr0.75
5,36,Thr,Thr0.75,Thr0.5
5,36,Thr,Thr0.75,Thr1
5,36,Thr,Thr2.5,Thr1
5,36,Thr,Thr0.5,Thr1
5,36,Thr,Thr1,Thr1.75
5,36,Thr,Thr1,Thr1.5
5,36,Thr,Thr1,Thr2
5,36,Thr,Thr1,Thr2.25
5,36,Thr,Thr1.25,Thr1
5,54,Thr,Thr1.75,Thr0.5
5,54,Thr,Thr1.75,Thr1.25
5,54,Thr,Thr2,Thr1.75
5,54,Thr,Thr1.75,Thr1
5,54,Thr,Thr2.5,Thr1.75
5,54,Thr,Thr1.75,Thr0.75
5,54,Thr,Thr2.25,Thr1.75
5,54,Thr,Thr1.75,Thr1.5
5,54,Thr,Thr2,Thr1
5,54,Thr,Thr2.5,Thr1
5,54,Thr,Thr1.5,Thr1
5,54,Thr,Thr1,Thr0.5
5,54,Thr,Thr2.25,Thr1
5,54,Thr,Thr1.25,Thr1
5,54,Thr,Thr0.75,Thr1
5,54,Thr,Thr1.75,Thr1
5,54,Thr,Thr0.5,Thr1.25
5,54,Thr,Thr2,Thr0.5
5,54,Thr,Thr1.5,Thr1.25
5,54,Thr,Thr1.25,Thr2.5
5,54,Thr,Thr0.5,Thr0.75
5,54,Thr,Thr1,Thr1.25
5,54,Thr,Thr0.75,Thr1.25
5,54,Thr,Thr0.5,Thr2.5
5,54,Thr,Thr1.25,Thr2.25
5,54,Thr,Thr0.5,Thr1.25
5,54,Thr,Thr1.75,Thr1.25
5,54,Thr,Thr1.75,Thr0.5
5,54,Thr,Thr2,Thr1.25
5,54,Thr,Thr1.5,Thr0.5
5,54,Thr,Thr1,Thr0.5
5,54,Thr,Thr2.25,Thr0.5
5,54,Thr,Thr0.75,Thr2
5,54,Thr,Thr2,Thr2.5
5,54,Thr,Thr1.25,Thr2
5,54,Thr,Thr1,Thr2
5,54,Thr,Thr1.75,Thr2
5,54,Thr,Thr2.25,Thr2
5,54,Thr,Thr1.5,Thr2
5,54,Thr,Thr0.5,Thr2
5,54,Thr,Thr1.75,Thr2.25
5,54,Thr,Thr1.5,Thr2.25
5,54,Thr,Thr2.25,Thr0.5
5,54,Thr,Thr1,Thr2.25
5,54,Thr,Thr2,Thr2.25
5,54,Thr,Thr1.25,Thr2.25
5,54,Thr,Thr0.75,Thr2.25
5,54,Thr,Thr2.25,Thr2.5
5,54,Thr,Thr1,Thr1.5
5,54,Thr,Thr1.5,Thr2
5,54,Thr,Thr1.5,Thr2.25
5,54,Thr,Thr1.5,Thr1.75
5,54,Thr,Thr1.5,Thr1.25
5,54,Thr,Thr1.5,Thr0.75
5,54,Thr,Thr1.5,Thr0.5
5,54,Thr,Thr2.5,Thr1.5
5,54,Thr,Thr0.75,Thr2.25
5,54,Thr,Thr1.75,Thr0.75
5,54,Thr,Thr1.5,Thr0.75
5,54,Thr,Thr1.25,Thr0.75
5,54,Thr,Thr2,Thr0.75
5,54,Thr,Thr0.75,Thr0.5
5,54,Thr,Thr0.75,Thr1
5,54,Thr,Thr2.5,Thr0.75
5,54,Thr,Thr1.5,Thr2.5
5,54,Thr,Thr2,Thr2.5
5,54,Thr,Thr2.5,Thr0.5
5,54,Thr,Thr1.75,Thr2.5
5,54,Thr,Thr2.5,Thr0.75
5,54,Thr,Thr2.5,Thr2.25
5,54,Thr,Thr1.25,Thr2.5
5,54,Thr,Thr2.5,Thr1
5,55,Thr,Thr1.25,Thr1.75
5,55,Thr,Thr1.75,Thr0.75
5,55,Thr,Thr1.75,Thr2.25
5,55,Thr,Thr1.5,Thr1.75
5,55,Thr,Thr1.75,Thr2.5
5,55,Thr,Thr1,Thr1.75
5,55,Thr,Thr0.5,Thr1.75
5,55,Thr,Thr1.75,Thr2
5,55,Thr,Thr0.5,Thr1
5,55,Thr,Thr2,Thr1
5,55,Thr,Thr1.75,Thr1
5,55,Thr,Thr2.5,Thr1
5,55,Thr,Thr0.75,Thr1
5,55,Thr,Thr1.5,Thr1
5,55,Thr,Thr1.25,Thr1
5,55,Thr,Thr2.25,Thr1
5,55,Thr,Thr2.25,Thr1.25
5,55,Thr,Thr2,Thr2.25
5,55,Thr,Thr2.25,Thr2.5
5,55,Thr,Thr0.5,Thr2.25
5,55,Thr,Thr1.75,Thr2.25
5,55,Thr,Thr1.5,Thr2.25
5,55,Thr,Thr2.25,Thr1
5,55,Thr,Thr2.25,Thr0.75
5,55,Thr,Thr2,Thr2.25
5,55,Thr,Thr2,Thr1.25
5,55,Thr,Thr2,Thr2.5
5,55,Thr,Thr2,Thr1
5,55,Thr,Thr2,Thr1.5
5,55,Thr,Thr2,Thr0.5
5,55,Thr,Thr2,Thr0.75
5,55,Thr,Thr2,Thr1.75
5,55,Thr,Thr1.75,Thr0.5
5,55,Thr,Thr1,Thr0.5
5,55,Thr,Thr0.5,Thr2
5,55,Thr,Thr1.25,Thr1
5,55,Thr,Thr1.75,Thr1.25
5,55,Thr,Thr0.5,Thr2.5
5,55,Thr,Thr0.5,Thr1.25
5,55,Thr,Thr1.25,Thr2.5
5,55,Thr,Thr1.25,Thr2.25
5,55,Thr,Thr2,Thr1.25
5,55,Thr,Thr1.25,Thr0.5
5,55,Thr,Thr1.25,Thr0.75
5,55,Thr,Thr0.75,Thr0.5
5,55,Thr,Thr0.5,Thr1.5
5,55,Thr,Thr1.5,Thr1.25
5,55,Thr,Thr0.5,Thr2.25
5,55,Thr,Thr2.5,Thr1
5,55,Thr,Thr1.75,Thr2.5
5,55,Thr,Thr1.25,Thr2.5
5,55,Thr,Thr0.5,Thr2.5
5,55,Thr,Thr2,Thr2.5
5,55,Thr,Thr1.5,Thr2.5
5,55,Thr,Thr2.25,Thr2.5
5,55,Thr,Thr0.75,Thr2.5
5,55,Thr,Thr1.25,Thr0.75
5,55,Thr,Thr1.75,Thr0.75
5,55,Thr,Thr0.75,Thr0.5
5,55,Thr,Thr0.75,Thr2
5,55,Thr,Thr0.75,Thr2.25
5,55,Thr,Thr1,Thr0.75
5,55,Thr,Thr0.75,Thr2.5
5,55,Thr,Thr0.75,Thr1.5
5,55,Thr,Thr1.5,Thr2
5,55,Thr,Thr1.5,Thr0.75
5,55,Thr,Thr1.75,Thr1.5
5,55,Thr,Thr1.5,Thr0.5
5,55,Thr,Thr1,Thr1.5
5,55,Thr,Thr1.5,Thr1.25
5,55,Thr,Thr1.5,Thr2.5
5,55,Thr,Thr1.5,Thr2.25
